source,name,description,g0v_db_rows,owners,tags,github_repos,homepage

"manual","Cofacts çœŸçš„å‡çš„",,"645,633,611,593,574,562,524,501,482,469,455,438,415,382,377,364","MrOrz,bil","äº‹å¯¦æŸ¥æ ¸","cofacts/rumors-api",
"manual","ç¾åœ‹åœ‹æœƒå°ç£è§€æ¸¬ç«™",,"634","bruce","å¾…ç¢ºèª","ACTtaiwan/us-tw-watch-site,ACTtaiwan/ustw-site",
"manual","LikeCoin è®šè³å…¬æ°‘å…±å’Œåœ‹",,,"williamchong007","å¾…ç¢ºèª","likecoin/likecoin,likecoin/dao,likecoin/LikeCoinButton-integration,likecoin/likecoin-button-sdk,likecoin/liker-land-browser-extension,likecoin/likecoin-wordpress,likecoin/likecoin-app,likecoin/likecoin-api-public",
"manual","MyData Taiwan",,,"bafu","å¾…ç¢ºèª","MyDataTaiwan/mylog14","https://www.mydata.org.tw"

"awesome-g0v","The web site.",,,"g0v","g0våŸºç¤å»ºè¨­","g0v/g0v.tw",https://github.com/g0v/g0v.tw
"awesome-g0v","Logo & styles.",,,"g0v","g0våŸºç¤å»ºè¨­","g0v/style-guide",https://github.com/g0v/style-guide
"awesome-g0v","glyphs",,,"g0v","g0våŸºç¤å»ºè¨­","g0v/glyph",https://github.com/g0v/glyph
"awesome-g0v","common bootstrap theme and design guide for websites.",,,"g0v","g0våŸºç¤å»ºè¨­","g0v/design-guide",https://github.com/g0v/design-guide
"awesome-g0v","The hackathon portal based on [hackfoldr](http://hackfoldr.org/).",,,"g0v","g0våŸºç¤å»ºè¨­","g0v/hack.g0v.tw",https://github.com/g0v/hack.g0v.tw
"awesome-g0v","g0v Summit å°ç£é›¶æ™‚æ”¿åºœé«˜å³°æœƒ",,,"g0v","g0våŸºç¤å»ºè¨­","g0v/summit.g0v.tw",https://github.com/g0v/summit.g0v.tw
"awesome-g0v","Hackfoldr Editor",,"353","g0v","g0våŸºç¤å»ºè¨­","g0v/hackeditr",https://github.com/g0v/hackeditr
"awesome-g0v","Hackfoldr 2.0",,,"hackfoldr","g0våŸºç¤å»ºè¨­","hackfoldr/hackfoldr-2.0",https://github.com/hackfoldr/hackfoldr-2.0
"awesome-g0v","Hacktabl å”ä½œæ¯”è¼ƒè¡¨æ ¼",,,"g0v","g0våŸºç¤å»ºè¨­","g0v/hacktabl",https://github.com/g0v/hacktabl
"awesome-g0v","Dev-Env",,,"ronnywang","g0våŸºç¤å»ºè¨­","ronnywang/dev-env",https://github.com/ronnywang/dev-env
"awesome-g0v","Excel Data Tool",,,"g0v","g0våŸºç¤å»ºè¨­","g0v/excel-data-tool",https://github.com/g0v/excel-data-tool
"awesome-g0v","g0v hackpad åˆ†æå™¨",,,"g0v","g0våŸºç¤å»ºè¨­","g0v/g0vTxT",https://github.com/g0v/g0vTxT
"awesome-g0v","g0v project hub",,"355,287","g0v","g0våŸºç¤å»ºè¨­","g0v/projectPool,g0v/project-hub-mockup,g0v/oh-my-hub,tka/ideapool",https://github.com/g0v/project-hub-mockup
"awesome-g0v","g0v æ–°æ‰‹æ‘ 8bit",,,"g0v","g0våŸºç¤å»ºè¨­","g0v/g0village-8bit",https://github.com/g0v/g0village-8bit/
"awesome-g0v","g0v.asia",,,"g0v","g0våŸºç¤å»ºè¨­","g0v/g0v.asia",https://github.com/g0v/g0v.asia/
"awesome-g0v","g0v.photos è‡ªå·±çš„æ´»å‹•è‡ªå·±æ‹",,,"zbryikt","g0våŸºç¤å»ºè¨­","zbryikt/g0vphotos",https://github.com/zbryikt/g0vphotos
"awesome-g0v","g0v å°ˆæ¡ˆ json ç”¢ç”Ÿå™¨  (g0v.json generator)",,,"poga","g0våŸºç¤å»ºè¨­","poga/metadata-editor",https://github.com/poga/metadata-editor
"awesome-g0v","g0v issue æœå°‹å™¨",,,"g0v","g0våŸºç¤å»ºè¨­","g0v/issue_aggregator",https://github.com/g0v/issue_aggregator
"awesome-g0v","g0væˆæ¬Šä¸­å¿ƒ",,,"g0v","g0våŸºç¤å»ºè¨­","g0v/moc-license-center",https://github.com/g0v/moc-license-center
"awesome-g0v","g0vé–‹æ”¾æˆæ¬Šå°å¹«æ‰‹",,,"g0v","g0våŸºç¤å»ºè¨­","g0v/cchelper",https://github.com/g0v/cchelper
"awesome-g0v","g0vé–‹ç™¼è³‡è¨Š",,,"g0v","g0våŸºç¤å»ºè¨­","g0v/dev",https://github.com/g0v/dev
"awesome-g0v","g0vé›¶æ™‚è³‡æ–™ä¸­å¿ƒ",,,"g0v","g0våŸºç¤å»ºè¨­","g0v/dkan-core",https://github.com/g0v/dkan-core
"awesome-g0v","g0vå°è¦½å°ç²¾éˆ",,,"g0v","g0våŸºç¤å»ºè¨­","g0v/g0v-tour-guide",https://github.com/g0v/g0v-tour-guide/
"awesome-g0v","æ–§é ­å¹«å¤§æŒ‘æˆ°",,,"ronnywang","g0våŸºç¤å»ºè¨­","ronnywang/axe.g0v.tw",https://github.com/ronnywang/axe.g0v.tw
"awesome-g0v","é€å­—ç¨¿å·¥å…·",,,"jessy1092","g0våŸºç¤å»ºè¨­","jessy1092/coVerbatim",https://github.com/jessy1092/coVerbatim/
"awesome-g0v","çŸ­è¬›è¨ˆæ™‚å™¨",,,"zbryikt","g0våŸºç¤å»ºè¨­","zbryikt/quick-timer",https://github.com/zbryikt/quick-timer/
"awesome-g0v","é›¶æ™‚é»‘æ¿ (UI)",,,"g0v","g0våŸºç¤å»ºè¨­","g0v/goban,bestian/goban",https://github.com/g0v/goban
"awesome-g0v","è¡Œæ”¿é™¢æ³•è¦ç·šä¸Šè«®è©¢ç³»çµ± ç•Œé¢ 2.0",,,"g0v","é–‹æ”¾è³‡æ–™,é–‹æ”¾æ”¿åºœ,æ³•åˆ¶èˆ‡æ”¿åºœçµ„ç¹”","g0v/react.vtaiwan.tw",https://github.com/g0v/react.vtaiwan.tw
"awesome-g0v","åŒ¯æµäº”æ³•ï¼šç·šä¸Šå¾µè©¢",,,"g0v","é–‹æ”¾è³‡æ–™,é–‹æ”¾æ”¿åºœ,æ³•åˆ¶èˆ‡æ”¿åºœçµ„ç¹”","g0v/dc.vtaiwan.tw",https://github.com/g0v/dc.vtaiwan.tw
"awesome-g0v","å°ç£æ³•é™¢åˆ¤æ±ºæ›¸å¯åˆ†äº«ç¶²å€ç”¢ç”Ÿå™¨",,,"ronnywang","é–‹æ”¾è³‡æ–™,é–‹æ”¾æ”¿åºœ,æ³•åˆ¶èˆ‡æ”¿åºœçµ„ç¹”","ronnywang/judicial-easyer",https://github.com/ronnywang/judicial-easyer
"awesome-g0v","æ³•è¦äº¦æ¯’æ°£",,,"g0v","é–‹æ”¾è³‡æ–™,é–‹æ”¾æ”¿åºœ,æ³•åˆ¶èˆ‡æ”¿åºœçµ„ç¹”","g0v/laweasyread-front,g0v/laweasyread",https://github.com/g0v/laweasyread-front
"awesome-g0v","è²ªæ±¡åˆ¤æ±ºèˆ‡æŸ¥è©¢ç¶²ç«™",,"241,230","superChing","é–‹æ”¾è³‡æ–™,é–‹æ”¾æ”¿åºœ,æ³•åˆ¶èˆ‡æ”¿åºœçµ„ç¹”","superChing/extract_declared_sentence",https://github.com/superChing/extract_declared_sentence
"awesome-g0v","è¡Œæ”¿é™¢æ³•è¦ç·šä¸Šè«®è©¢ç³»çµ±",,,"g0v","é–‹æ”¾è³‡æ–™,é–‹æ”¾æ”¿åºœ,æ³•åˆ¶èˆ‡æ”¿åºœçµ„ç¹”","g0v/vtaiwan.tw",https://github.com/g0v/vtaiwan.tw
"awesome-g0v","æ”¿åºœé€šè¨ŠéŒ„åˆ†æå™¨",,,"g0v","é–‹æ”¾è³‡æ–™,é–‹æ”¾æ”¿åºœ,æ³•åˆ¶èˆ‡æ”¿åºœçµ„ç¹”","g0v/addressbook.parser",https://github.com/g0v/addressbook.parser
"awesome-g0v","å…¬å‹™äººå“¡å‡ºåœ‹è€ƒå¯Ÿè¿½è¹¤ç¶²",,"104","g0v","é–‹æ”¾è³‡æ–™,é–‹æ”¾æ”¿åºœ,æ³•åˆ¶èˆ‡æ”¿åºœçµ„ç¹”","g0v/abroadplay",https://github.com/g0v/abroadplay
"awesome-g0v","å°ç£å…§é–£è®ŠåŒ–",,,"ronnywang","é–‹æ”¾è³‡æ–™,é–‹æ”¾æ”¿åºœ,æ³•åˆ¶èˆ‡æ”¿åºœçµ„ç¹”","ronnywang/taiwan-cabinet",https://github.com/ronnywang/taiwan-cabinet
"awesome-g0v","ä¸­å¤®æ”¿åºœç¸½é ç®—",,,"g0v","é–‹æ”¾è³‡æ–™,é–‹æ”¾æ”¿åºœ,èª²è²¬","g0v/twbudget",https://github.com/g0v/twbudget
"awesome-g0v","å„å¹´åº¦å„ç¸£å¸‚ç¸½é ç®—è¦–è¦º",,,"kiang","é–‹æ”¾è³‡æ–™,é–‹æ”¾æ”¿åºœ,èª²è²¬","kiang/dgbas.gov.tw",https://github.com/kiang/dgbas.gov.tw
"awesome-g0v","ç«‹å§”è¯çµ¡è³‡è¨Š",,,"g0v","é–‹æ”¾è³‡æ–™,é–‹æ”¾æ”¿åºœ,èª²è²¬","g0v/ly-tel",https://github.com/g0v/ly-tel
"awesome-g0v","ç«‹å§”æŠ•ç¥¨æŒ‡å—",,"160,138,81","g0v","é–‹æ”¾è³‡æ–™,é–‹æ”¾æ”¿åºœ,èª²è²¬","g0v/twly-voter-guide",https://github.com/g0v/twly-voter-guide
"awesome-g0v","2016å¤§é¸å€åŸŸç«‹å§”åœ–",,,"tommy87166","é–‹æ”¾è³‡æ–™,é–‹æ”¾æ”¿åºœ,èª²è²¬","tommy87166/tommy87166.github.io",https://github.com/tommy87166/tommy87166.github.io
"awesome-g0v","å°ç£å„ç¨®çµ„ç¹”ä¸æ¨è–¦ç«‹å§”åå–®",,,"soidid","é–‹æ”¾è³‡æ–™,é–‹æ”¾æ”¿åºœ,èª²è²¬","soidid/soidid.github.io",https://github.com/soidid/soidid.github.io
"awesome-g0v","å°ç£é¸èˆ‰é»ƒé ",,,"kiang","é–‹æ”¾è³‡æ–™,é–‹æ”¾æ”¿åºœ,èª²è²¬","kiang/elections",https://github.com/kiang/elections
"awesome-g0v","æ”¿é»¨ç¥¨è¨ˆç®—æ©Ÿ",,,"g0v","é–‹æ”¾è³‡æ–™,é–‹æ”¾æ”¿åºœ,èª²è²¬","g0v/partyvote2016",https://github.com/g0v/partyvote2016
"awesome-g0v","åœ‹æœƒå¤§ä»£èªŒ",,"447","g0v","é–‹æ”¾è³‡æ–™,é–‹æ”¾æ”¿åºœ,èª²è²¬","g0v/ly.g0v.tw",https://github.com/g0v/ly.g0v.tw
"awesome-g0v","ç«‹æ³•å¡åˆ°é™°",,,"frank00125","é–‹æ”¾è³‡æ–™,é–‹æ”¾æ”¿åºœ,èª²è²¬","frank00125/wp2014s_final_project",https://github.com/frank00125/wp2014s_final_project
"awesome-g0v","ç«‹é™¢å½±åŸ",,,"g0v","é–‹æ”¾è³‡æ–™,é–‹æ”¾æ”¿åºœ,èª²è²¬","g0v/ivod.ly.g0v.tw",https://github.com/g0v/ivod.ly.g0v.tw
"awesome-g0v","2014ä¹åˆä¸€é¸èˆ‰é–‹ç¥¨çµæœ",,,"ctiml","é–‹æ”¾è³‡æ–™,é–‹æ”¾æ”¿åºœ,èª²è²¬","ctiml/vote2014,ronnywang/vote2014",https://github.com/ctiml/vote2014
"awesome-g0v","50å¤©50å¼µé¸èˆ‰åœ–è¡¨",,,"g0v","é–‹æ”¾è³‡æ–™,é–‹æ”¾æ”¿åºœ,èª²è²¬","g0v/5050,g0v/d3visualization",https://github.com/g0v/5050
"awesome-g0v","æ°‘ä»£åœ°åœ–",,,"g0v","é–‹æ”¾è³‡æ–™,é–‹æ”¾æ”¿åºœ,èª²è²¬","g0v/mapView",https://github.com/g0v/mapView
"awesome-g0v","é¸ç¥¨æˆä»½åˆ†æç³»çµ±",,"170,145,130,98,82,71,13","g0v","é–‹æ”¾è³‡æ–™,é–‹æ”¾æ”¿åºœ,èª²è²¬","g0v/congress-vote-analytics",https://github.com/g0v/congress-vote-analytics
"awesome-g0v","é‡‘éŒ¢å ±",,,"g0v","é–‹æ”¾è³‡æ–™,é–‹æ”¾æ”¿åºœ,èª²è²¬","g0v/sunshine.cy,fuyei/cf-viz,chungheng/g0v,ronnywang/campaign-finance.g0v.ronny.tw,ronnywang/tw-campaign-finance,ctiml/campaign-finance.g0v.ctiml.tw",https://github.com/g0v/sunshine.cy
"awesome-g0v","è­°å“¡æŠ•ç¥¨æŒ‡å—",,"160,138,81","g0v","é–‹æ”¾è³‡æ–™,é–‹æ”¾æ”¿åºœ,èª²è²¬","g0v/councilor-voter-guide",https://github.com/g0v/councilor-voter-guide
"awesome-g0v","2014å°åŒ—å¸‚è­°å“¡åƒé¸äºº",,,"councilor2014","é–‹æ”¾è³‡æ–™,é–‹æ”¾æ”¿åºœ,èª²è²¬","councilor2014/councilor2014.github.io",https://github.com/councilor2014/councilor2014.github.io
"awesome-g0v","å°å—å¸‚è­°æœƒ è­°å“¡è§€æ¸¬ä¸­å¿ƒ",,,"kiang","é–‹æ”¾è³‡æ–™,é–‹æ”¾æ”¿åºœ,èª²è²¬","kiang/tncc",https://github.com/kiang/tncc
"awesome-g0v","æ”¿æ²»æ‰¿è«¾è¿½è¹¤ç¶²",,"253,223,211","g0v","é–‹æ”¾è³‡æ–™,é–‹æ”¾æ”¿åºœ,èª²è²¬","g0v/ppt",https://github.com/g0v/ppt
"awesome-g0v","å°ç£éš¨æ©Ÿçµ±è¨ˆ",,,"g0v","é–‹æ”¾è³‡æ–™,é–‹æ”¾æ”¿åºœ,æ”¿åºœé‹ä½œ","g0v/twstat",https://github.com/g0v/twstat/
"awesome-g0v","å…¬æœ‰åœ°å¤§è¡Œå‹• Publicly Owned Property on Fire",,,"g0v","é–‹æ”¾è³‡æ–™,é–‹æ”¾æ”¿åºœ,æ”¿åºœé‹ä½œ","g0v/POPonFire",https://github.com/g0v/POPonFire
"awesome-g0v","å°åŒ—å¸‚å…¬æœ‰åœ°è³‡æ–™èˆ‡åœ°åœ– Publicly Owned Property",,,"dz1984","é–‹æ”¾è³‡æ–™,é–‹æ”¾æ”¿åºœ,æ”¿åºœé‹ä½œ","dz1984/taipei-pop",https://github.com/dz1984/taipei-pop
"awesome-g0v","å°åŒ—å¸‚å»ºç®¡è™•å»ºç…§è¨˜éŒ„",,,"cades","é–‹æ”¾è³‡æ–™,é–‹æ”¾æ”¿åºœ,æ”¿åºœé‹ä½œ","cades/taipei-building-has-reward",https://github.com/cades/taipei-building-has-reward
"awesome-g0v","å°ç£åœ°å€é–€ç‰ŒæŸ¥è©¢",,,"g0v","é–‹æ”¾è³‡æ–™,é–‹æ”¾æ”¿åºœ,æ”¿åºœé‹ä½œ","g0v/TWDoorplates",https://github.com/g0v/TWDoorplates
"awesome-g0v","å°ç£è¡Œæ”¿å€è¦–è¦ºåŒ–",,,"g0v","é–‹æ”¾è³‡æ–™,é–‹æ”¾æ”¿åºœ,æ”¿åºœé‹ä½œ","g0v/twgeojson",https://github.com/g0v/twgeojson
"awesome-g0v","åœ°å€è½‰ç¶“ç·¯åº¦",,,"ronnywang","é–‹æ”¾è³‡æ–™,é–‹æ”¾æ”¿åºœ,æ”¿åºœé‹ä½œ","ronnywang/taiwan-address-lookup",https://github.com/ronnywang/taiwan-address-lookup
"awesome-g0v","æ”¿åºœé–‹æ”¾è³‡æ–™å¹³è‡ºå‚™ä»½",,,"ronnywang","é–‹æ”¾è³‡æ–™,é–‹æ”¾æ”¿åºœ,æ”¿åºœé‹ä½œ","ronnywang/data.g0v.ronny.tw",https://github.com/ronnywang/data.g0v.ronny.tw
"awesome-g0v","é–‹æ”¾è³‡æ–™å»ºç«‹èˆ‡æ™®æŸ¥",,,"g0v","é–‹æ”¾è³‡æ–™,é–‹æ”¾æ”¿åºœ,æ”¿åºœé‹ä½œ","g0v/local.data",https://github.com/g0v/local.data
"awesome-g0v","NGO list retreieved from judicial.gov.tw.",,,"g0v","é–‹æ”¾è³‡æ–™,é–‹æ”¾æ”¿åºœ,æ”¿åºœé‹ä½œ","g0v/foundationtw",https://github.com/g0v/foundationtw
"awesome-g0v","æ¤ç‰©ç–«æƒ…èˆ‡è—¥åŠ‘æŸ¥è©¢ç³»çµ±",,,"g0v","é–‹æ”¾è³‡æ–™,é–‹æ”¾æ”¿åºœ,å…¬å…±å®‰å…¨","g0v/agriculture",https://github.com/g0v/agriculture
"awesome-g0v","é›¶æ™‚ç©ºæ±¡è§€æ¸¬ç¶²",,"343","immortalmice","é–‹æ”¾è³‡æ–™,é–‹æ”¾æ”¿åºœ,å…¬å…±å®‰å…¨","immortalmice/Real-time-Air-Quality-Map",https://github.com/immortalmice/Real-time-Air-Quality-Map
"awesome-g0v","ç’°å¢ƒå„€è¡¨æ¿",,"76","g0v","é–‹æ”¾è³‡æ–™,é–‹æ”¾æ”¿åºœ,å…¬å…±å®‰å…¨","g0v/env.g0v.tw",https://github.com/g0v/env.g0v.tw
"awesome-g0v","è³½è±¬å…¬ä¸Šå¤ªç©º",,,"jimyhuang","é–‹æ”¾è³‡æ–™,é–‹æ”¾æ”¿åºœ,å…¬å…±å®‰å…¨","jimyhuang/twlandsat-browse",https://github.com/jimyhuang/twlandsat-browse
"awesome-g0v","è»Šç¦ç†±é»",,"242","Drainet","é–‹æ”¾è³‡æ–™,é–‹æ”¾æ”¿åºœ,å…¬å…±å®‰å…¨,å…¬ç‡Ÿæœå‹™","Drainet/cacci-opendata",https://github.com/Drainet/cacci-opendata
"awesome-g0v","è·¯è¦‹ä¸å¹³",,"37","g0v","é–‹æ”¾è³‡æ–™,é–‹æ”¾æ”¿åºœ,å…¬ç‡Ÿæœå‹™","g0v/roadpin",https://github.com/g0v/roadpin
"awesome-g0v","åœ‹é“ä¸€è™Ÿé›»å­æ”¶è²»åƒ¹éŒ¢è©¦ç®—",,,"zbryikt","é–‹æ”¾è³‡æ–™,é–‹æ”¾æ”¿åºœ,å…¬ç‡Ÿæœå‹™","zbryikt/visualize",https://github.com/zbryikt/visualize
"awesome-g0v","å°ä¸­å¸‚å…¬è»Šåœ°åœ–",,,"g0v","é–‹æ”¾è³‡æ–™,é–‹æ”¾æ”¿åºœ,å…¬ç‡Ÿæœå‹™","g0v/tcbus",https://github.com/g0v/tcbus
"awesome-g0v","å°åŒ—æ·é‹å„ç«™å‡ºç«™äººæ•¸è®ŠåŒ–åœ–",,,"zbryikt","é–‹æ”¾è³‡æ–™,é–‹æ”¾æ”¿åºœ,å…¬ç‡Ÿæœå‹™","zbryikt/visualize",https://github.com/zbryikt/visualize/tree/gh-pages/mrt
"awesome-g0v","Cancer å°ç£ç™Œç—‡è³‡æ–™å°ˆæ¡ˆ",,,"g0v","é–‹æ”¾è³‡æ–™,é–‹æ”¾æ”¿åºœ,å…¬ç‡Ÿæœå‹™","g0v/cancer",https://github.com/g0v/cancer
"awesome-g0v","ç¦åˆ©è«‹è½",,"35","g0v","é–‹æ”¾è³‡æ–™,é–‹æ”¾æ”¿åºœ,å…¬ç‡Ÿæœå‹™","g0v/listening",https://github.com/g0v/listening
"awesome-g0v","å°ç£æ‘é‡Œå®¶æˆ¶ç”¨é›»é‡",,,"ronnywang","é–‹æ”¾è³‡æ–™,é–‹æ”¾æ”¿åºœ,å…¬ç‡Ÿæœå‹™","ronnywang/ecolife.epa.gov.tw",https://github.com/ronnywang/ecolife.epa.gov.tw
"awesome-g0v","å°ç£é‰›ç®¡åˆ†ä½ˆåœ°åœ–",,,"kiang","é–‹æ”¾è³‡æ–™,é–‹æ”¾æ”¿åºœ,å…¬ç‡Ÿæœå‹™","kiang/lead_pipes",https://github.com/kiang/lead_pipes
"awesome-g0v","å…¨åœ‹é†«é™¢æ€¥è¨ºå³æ™‚çœ‹æ¿",,,"g0v","é–‹æ”¾è³‡æ–™,é–‹æ”¾æ”¿åºœ,å…¬ç‡Ÿæœå‹™","g0v/er.mohw",https://github.com/g0v/er.mohw
"awesome-g0v","é«˜é›„åœ°ä¸‹ç®¡ç·šåœ°åœ–",,,"zbryikt","é–‹æ”¾è³‡æ–™,é–‹æ”¾æ”¿åºœ,å…¬ç‡Ÿæœå‹™","zbryikt/visualize",https://github.com/zbryikt/visualize
"awesome-g0v","é£²æ°´åœ°åœ–",,,"teia-tw","é–‹æ”¾è³‡æ–™,é–‹æ”¾æ”¿åºœ,å…¬ç‡Ÿæœå‹™","teia-tw/drinking_water",https://github.com/teia-tw/drinking_water
"awesome-g0v","éƒ½å§”æœƒæœƒè­°ç´€éŒ„è³‡æ–™åº«",,,"g0v","é–‹æ”¾è³‡æ–™,é–‹æ”¾æ”¿åºœ,å…¬ç‡Ÿæœå‹™","g0v/urbancode-commission",https://github.com/g0v/urbancode-commission
"awesome-g0v","åœ‹è‡ºå°ç…§æ´»ç”¨è¾­å…¸",,,"g0v","é–‹æ”¾è³‡æ–™,é–‹æ”¾æ”¿åºœ,å…¬ç‡Ÿæœå‹™","g0v/koktai",https://github.com/g0v/koktai
"awesome-g0v","æ–°å°èªÂ·é‹å‹•",,,"g0v","é–‹æ”¾è³‡æ–™,é–‹æ”¾æ”¿åºœ,å…¬ç‡Ÿæœå‹™","g0v/itaigi",https://github.com/g0v/itaigi
"awesome-g0v","èŒå…¸ç¶²ç«™åŠæ‡‰ç”¨ç¨‹å¼",,,"g0v","é–‹æ”¾è³‡æ–™,é–‹æ”¾æ”¿åºœ,å…¬ç‡Ÿæœå‹™","g0v/moedict-app",https://github.com/g0v/moedict-app
"awesome-g0v","æ•™è‚²éƒ¨é‡ç·¨åœ‹èªè¾­å…¸ è³‡æ–™æª”",,,"g0v","é–‹æ”¾è³‡æ–™,é–‹æ”¾æ”¿åºœ,å…¬ç‡Ÿæœå‹™","g0v/moedict-data",https://github.com/g0v/moedict-data
"awesome-g0v","è‡ºç£é–©å—èªå¸¸ç”¨è©è¾­å…¸ è³‡æ–™æª”",,,"g0v","é–‹æ”¾è³‡æ–™,é–‹æ”¾æ”¿åºœ,å…¬ç‡Ÿæœå‹™","g0v/moedict-data-twblg",https://github.com/g0v/moedict-data-twblg
"awesome-g0v","è‡ºç£å®¢å®¶èªå¸¸ç”¨è©è¾­å…¸ è³‡æ–™æª”",,,"g0v","é–‹æ”¾è³‡æ–™,é–‹æ”¾æ”¿åºœ,å…¬ç‡Ÿæœå‹™","g0v/moedict-data-hakka",https://github.com/g0v/moedict-data-hakka
"awesome-g0v","ä¸­è¯èªæ–‡çŸ¥è­˜åº« è³‡æ–™æª”",,,"g0v","é–‹æ”¾è³‡æ–™,é–‹æ”¾æ”¿åºœ,å…¬ç‡Ÿæœå‹™","g0v/moedict-data-csld",https://github.com/g0v/moedict-data-csld
"awesome-g0v","èŒå…¸é–ƒå¡",,,"g0v","é–‹æ”¾è³‡æ–™,é–‹æ”¾æ”¿åºœ,å…¬ç‡Ÿæœå‹™","g0v/moedict-dodo",https://github.com/g0v/moedict-dodo
"awesome-g0v","é›¶æ™‚å­—å¼•",,,"g0v","é–‹æ”¾è³‡æ–™,é–‹æ”¾æ”¿åºœ,å…¬ç‡Ÿæœå‹™","g0v/z0y",https://github.com/g0v/z0y
"awesome-g0v","é˜¿ç¾èªèŒå…¸",,"643,568,556,525,485,468,451,418,407,383,313,285,260,169","g0v","é–‹æ”¾è³‡æ–™,é–‹æ”¾æ”¿åºœ,å…¬ç‡Ÿæœå‹™","g0v/moedict-app,miaoski/amis-safolu,miaoski/amis-francais",https://github.com/g0v/moedict-app/tree/amis
"awesome-g0v","èŒå…¸å­—å®™åæ‡‰çˆ",,,"audreyt","é–‹æ”¾è³‡æ–™,é–‹æ”¾æ”¿åºœ,å…¬ç‡Ÿæœå‹™","audreyt/moe",https://github.com/audreyt/moe
"awesome-g0v","åœ‹ç§‘æœƒè¨ˆç•«è£œåŠ©å­¸æ ¡é‡‘é¡",,,"g0v","é–‹æ”¾è³‡æ–™,é–‹æ”¾æ”¿åºœ,å…¬ç‡Ÿæœå‹™","g0v/nsc-projects",https://github.com/g0v/nsc-projects
"awesome-g0v","å‹å·¥è–ªè³‡é ç®—ç¨‹å¼",,,"kiang","é–‹æ”¾è³‡æ–™,é–‹æ”¾æ”¿åºœ,ç¶“æ¿Ÿæ´»å‹•","kiang/salary",https://github.com/kiang/salary
"awesome-g0v","69Kè–ªæ°´å·¥ä½œæŸ¥è©¢",,,"g0v","é–‹æ”¾è³‡æ–™,é–‹æ”¾æ”¿åºœ,ç¶“æ¿Ÿæ´»å‹•","g0v/i69",https://github.com/g0v/i69/
"awesome-g0v","æ±‚è·å°å¹«æ‰‹",,"467","ronnywang","é–‹æ”¾è³‡æ–™,é–‹æ”¾æ”¿åºœ,ç¶“æ¿Ÿæ´»å‹•","ronnywang/jobhelper,nansenat16/jobhelper-mobile,yisheng-liu/jobhelper_ff,nansenat16/jobhelper-ie",https://github.com/ronnywang/jobhelper
"awesome-g0v","ä½ è¢«æœè²¿äº†å—ï¼Ÿ",,"50","g0v","é–‹æ”¾è³‡æ–™,é–‹æ”¾æ”¿åºœ,ç¶“æ¿Ÿæ´»å‹•","g0v/tisa-map",https://github.com/g0v/tisa-map
"awesome-g0v","è‡ªç¶“å€ç«‹æ³•è¾¯è«–æ¯”è¼ƒè¡¨",,,"fepztw","é–‹æ”¾è³‡æ–™,é–‹æ”¾æ”¿åºœ,ç¶“æ¿Ÿæ´»å‹•","fepztw/fepztw.github.io",https://github.com/fepztw
"awesome-g0v","é–‹æ”¾æ¨™æ¡ˆ",,,"mlwmlw","é–‹æ”¾è³‡æ–™,é–‹æ”¾æ”¿åºœ,ç¶“æ¿Ÿæ´»å‹•","mlwmlw/pcc",https://github.com/mlwmlw/pcc
"awesome-g0v","å°ç£å…¬å¸ç™»è¨˜è³‡æ–™",,,"ronnywang","é–‹æ”¾è³‡æ–™,é–‹æ”¾æ”¿åºœ,ç¶“æ¿Ÿæ´»å‹•","ronnywang/twcompany",https://github.com/ronnywang/twcompany
"awesome-g0v","å°ç£å…¬å¸é—œä¿‚åœ–",,,"ronnywang","é–‹æ”¾è³‡æ–™,é–‹æ”¾æ”¿åºœ,ç¶“æ¿Ÿæ´»å‹•","ronnywang/company-graph",https://github.com/ronnywang/company-graph
"awesome-g0v","å°ç£ç¤¾åœ˜(è²¡åœ˜)æ³•äººè³‡æ–™æª¢ç´¢",,,"g0v","é–‹æ”¾è³‡æ–™,é–‹æ”¾æ”¿åºœ,ç¶“æ¿Ÿæ´»å‹•","g0v/foundationtw",https://github.com/g0v/foundationtw
"awesome-g0v","åœ‹æ°‘é»¨é»¨ç”¢åœ°åœ–",,,"billy3321","é–‹æ”¾è³‡æ–™,é–‹æ”¾æ”¿åºœ,ç¶“æ¿Ÿæ´»å‹•","billy3321/billy3321.github.io",https://github.com/billy3321/billy3321.github.io
"awesome-g0v","è¾²ä½œç‰©é–‹æ”¾è³‡æ–™",,"277","a0726h77","é–‹æ”¾è³‡æ–™,é–‹æ”¾æ”¿åºœ,ç¶“æ¿Ÿæ´»å‹•","a0726h77/open_crops",https://github.com/a0726h77/open_crops
"awesome-g0v","è¾²å­¸åœ°åœ–",,"14","g0v","é–‹æ”¾è³‡æ–™,é–‹æ”¾æ”¿åºœ,ç¶“æ¿Ÿæ´»å‹•","g0v/farmer",https://github.com/g0v/farmer/
"awesome-g0v","å°è¾²æ•…äº‹",,,"g0v","é–‹æ”¾è³‡æ–™,é–‹æ”¾æ”¿åºœ,ç¶“æ¿Ÿæ´»å‹•","g0v/farmers",https://github.com/g0v/farmers
"awesome-g0v","å›ºå®šæ±¡æŸ“æºç®¡åˆ¶åœ°åœ–",,,"kiang","é–‹æ”¾è³‡æ–™,é–‹æ”¾æ”¿åºœ,ç¶“æ¿Ÿæ´»å‹•","kiang/chimney_map",https://github.com/kiang/chimney_map
"awesome-g0v","åˆ†èº«ä¼æ¨¹",,,"unknown","é–‹æ”¾è³‡æ–™,é–‹æ”¾æ”¿åºœ,ç¶“æ¿Ÿæ´»å‹•",,https://sheethub.com
"awesome-g0v","616 æ†²åœ¨é—œéµä¸‰æ­¥é©Ÿã€Œæ‰“ã€‚é“ã€‚æ›ã€‚ã€",,,"junsuwhy","ç¤¾æœƒåƒèˆ‡","junsuwhy/ly-tel",https://github.com/junsuwhy/ly-tel
"awesome-g0v","ä¸‰å‹•ä½œè­·å°ç£",,,"chilijung","ç¤¾æœƒåƒèˆ‡","chilijung/ly-tel",https://github.com/chilijung/ly-tel
"awesome-g0v","å°èœœèœ‚æˆ°é¬¥åœ°åœ–",,,"g0v","ç¤¾æœƒåƒèˆ‡","g0v/LittleBeeGeo",https://github.com/g0v/LittleBeeGeo
"awesome-g0v","ç¶²ç«™æŠµåˆ¶å°å¹«æ‰‹",,,"zhusee2","ç¤¾æœƒåƒèˆ‡","zhusee2/boycott-helper",https://github.com/zhusee2/boycott-helper
"awesome-g0v","Bad Driver",,,"g0v","ç¤¾æœƒåƒèˆ‡","g0v/BadDriver.tw",https://github.com/g0v/BadDriver.tw
"awesome-g0v","BatDrone",,,"kevinphys","ç¤¾æœƒåƒèˆ‡","kevinphys/BatDrone",https://github.com/kevinphys/BatDrone
"awesome-g0v","iHelp è¾é€šè¨Š",,,"weitsai","ç¤¾æœƒåƒèˆ‡","weitsai/iHelp-android",https://github.com/weitsai/iHelp-android
"awesome-g0v","Pet Need Me",,"91,75","jsleetw","ç¤¾æœƒåƒèˆ‡","jfsleetw/petneed.me",https://github.com/jsleetw/petneed.me
"awesome-g0v","å¥½é£Ÿå¸‚é›†",,,"g0v","ç¤¾æœƒåƒèˆ‡","g0v/howsfood-mockup",https://github.com/g0v/howsfood-mockup
"awesome-g0v","ç¶­åŸºç™¾ç§‘æŒ‘éŒ¯å­—å·¥å…·",,,"g0v","ç¤¾æœƒåƒèˆ‡","g0v/typo-resolver",https://github.com/g0v/typo-resolver
"awesome-g0v","å‰²é—Œå°¾å°éŠæˆ²",,,"g0v","ç¤¾æœƒåƒèˆ‡","g0v/projectV",https://github.com/g0v/projectV
"awesome-g0v","i64885 å…¬ç›Šå¾‹å¸«å‘¼å«å¹³å°",,,"g0v","ç¤¾æœƒåƒèˆ‡","g0v/i64885",https://github.com/g0v/i64885
"awesome-g0v","æ•‘æ•‘é£Ÿè›‡é¾œ",,,"g0v","ç¤¾æœƒåƒèˆ‡","g0v/cuora",https://github.com/g0v/cuora
"awesome-g0v","G8Vé›»è¦–ç‰†",,,"a0000778","æ–°åª’é«”","a0000778/g8v",https://github.com/a0000778/g8v
"awesome-g0v","InLiveTW",,"166,137","inLiveTW","æ–°åª’é«”","inLiveTW/server",https://github.com/inLiveTW
"awesome-g0v","MOVEMENT ç¤¾æœƒé‹å‹•è³‡è¨Šå¹³å°",,,"4movement","æ–°åª’é«”","4movement/MOVEMENT",https://github.com/4movement
"awesome-g0v","NewsDiff å®˜æ–¹æ–°èç¨¿ç•°å‹•æƒ…æ³ç«™",,,"ronnywang","æ–°åª’é«”","ronnywang/newsdiff",https://github.com/ronnywang/newsdiff
"awesome-g0v","å¤ªé™½èŠ±å­¸é‹å…¨è¨˜éŒ„",,,"g0v","æ–°åª’é«”","g0v/sunflower",https://github.com/g0v/sunflower
"awesome-g0v","ç‰©è³‡ç®¡ç†å¹³å°ç³»çµ±",,,"bifrostio","æ–°åª’é«”","bifrostio/bifrost",https://github.com/bifrostio
"awesome-g0v","è™ç¥å¿«é–ƒ",,,"ddio","æ–°åª’é«”","ddio/MuscidaeFlash",https://github.com/ddio/MuscidaeFlash
"awesome-g0v","æ”¿èªŒ",,"47","g0v","æ–°åª’é«”","g0v/twangry",https://github.com/g0v/twangry
"awesome-g0v","ç«™è²",,,"jcsky","æ–°åª’é«”","jcsky/Solveissues",https://github.com/jcsky/Solveissues
"awesome-g0v","å•é¡Œé›»è¦–ç¯€ç›®æŸ¥è©¢",,,"godgunman","æ–°åª’é«”","godgunman/ncc-complain-data",https://github.com/godgunman/ncc-complain-data
"awesome-g0v","æ–°èè©é »çµ±è¨ˆ",,,"youchenlee","æ–°åª’é«”","youchenlee/news-seg",https://github.com/youchenlee/news-seg
"awesome-g0v","æ–°èè¶¨å‹¢çµ±è¨ˆ",,,"ronnywang","æ–°åª’é«”","ronnywang/newstrend.g0v.ronny.tw",https://github.com/ronnywang/newstrend.g0v.ronny.tw
"awesome-g0v","è³‡è¨Šè£œé£Ÿç¸",,,"lanfon72","æ–°åª’é«”","lanfon72/linkCollector",https://github.com/lanfon72/linkCollector/
"awesome-g0v","LagNews è…¿æ–°è",,,"ronnywang","æ–°åª’é«”","ronnywang/lagnews",https://github.com/ronnywang/lagnews
"awesome-g0v","å…¬çœ¾äººç‰©é—œä¿‚åœ–ç”¢ç”Ÿå™¨",,"18,8","zbryikt","æ–°åª’é«”","zbryikt/ppllink",https://github.com/zbryikt/ppllink
"awesome-g0v","å…¬æ°‘è¨˜è€…è­‰ç”¢ç”Ÿå™¨",,,"g0v","æ–°åª’é«”","g0v/reporter",https://github.com/g0v/reporter
"awesome-g0v","æ–°èå°å¹«æ‰‹",,"406,45","g0v","æ–°åª’é«”","g0v/newshelper-backend,g0v/newshelper-extension,yllan/newshelper-safari",https://github.com/g0v/newshelper-backend

"g0v_db","0 æ™‚å‹•è­° LINK TOPIC",,"3","clkao,kcwu,hychen","åª’é«”",,
"g0v_db","11/9 Summit unconferenceæ‡¶äººåŒ…",,"156","ipa","g0v Summit",,"https://g0v.hackpad.com/unconference--UQVESB4TJm3"
"g0v_db","2015 WWViews ï¼  TW è·¨åœ‹å¯©è­°/æŠ•ç¥¨ç³»çµ±å°ˆæ¡ˆ",,"232","å®¶è¯","ç’°å¢ƒ",,"https://g0v.hackpad.com/2015-WWViews-TW--W6l1GtZ3l1A"
"g0v_db","2015 summer of ?",,"206","Ly","æ³•å¾‹",,"https://speakerdeck.com/yhsiang/2015-summer-of"
"g0v_db","2016 ç¸½çµ±å¤§é¸æ‰¿è«¾ä¸€è¦½è¡¨",,"274,252","MrOrz","ç›£ç£,æ”¿æ²»",,"http://beta.hackfoldr.org/president2016-folder"
"g0v_db","2018ç¸£å¸‚é•·é¸èˆ‰åœ°åœ–",,"473","ç©æœ¨","æ”¿æ²»,é¸èˆ‰,åœ°åœ–",,"https://hackmd.io/GwDghgJhCmEKwFpogsBAWAzHaCCcATCAOwIAMeYARnAIwTHrpUBmQA=="
"g0v_db","2020æŠ•ç¥¨æŒ‡å—",,"594","é‚¦å®‡","é¸èˆ‰,æ”¿æ²»",,"https://www.figma.com/file/JUzNk4lDjWAKiHea6vH9lfxF/%E6%8A%95%E7%A5%A8%E6%8C%87%E5%8D%97?node-id=500%3A192"
"g0v_db","228äº‹ä»¶è³‡æ–™æƒææª”æ–‡å­—åŒ–",,"515","ç´…é›¨","è½‰å‹æ­£ç¾©",,"https://hackmd.io/GYU0UFBSRaqLsn16uGhkgA"
"g0v_db","404å…’å°‘å”å°‹å°ˆæ¡ˆ",,"27","ctf","å…’å°‘",,"https://docs.google.com/document/d/1DmBXSmYh1knJk6U3zP5T_6QAWa6AhNXosVi0ENydzdQ/edit"
"g0v_db","404å¤±è¹¤å…’ç«¥å”å°‹è¨ˆç•«",,"16","ET Blue","å…’å°‘",,"https://github.com/g0v/dev/wiki/Project-ChildNotFound.tw"
"g0v_db","64995å…¬ç›Šå¾‹å¸«å‘¼å«ç³»çµ±",,"42","Isabel","æ³•å¾‹",,
"g0v_db","ARThon",,"557","æç´«å½¤","å¾…ç¢ºèª",,
"g0v_db","Akoma Ntosoå°ç£åœ¨åœ°åŒ–è¨ˆç•«",,"427","é›¨è’¼","æ³•å¾‹,åœ‹æœƒ",,"https://hackmd.io/EYZgZgxgjATAHAFgLQgSArEhBOAbBJAQzF0KRnXQFMAGOGBGgdioSA==?view"
"g0v_db","BBC æ‹æ”",,"592","BBC","åª’é«”,ç´€éŒ„",,
"g0v_db","BatDroneï¼ˆå©¦å¹¼æ²»å®‰çŠ¯ç½ªå±éšªåœ°é»æé†’ã€ç›£æ¸¬ï¼‰",,"262","kevinphy","å…’å°‘",,"https://g0v.hackpad.com/BatDrone--BB8UPY6SPCD"
"g0v_db","Build Great Bridges Around Taiwan (BGBAT)",,"419","Jane æ±ª","æ”¿ç­–",,"http://tinyurl.com/bgbatpdfjune"
"g0v_db","CC0 ç¹ä¸­èªæ–™ & Common Voice èªéŸ³åº« omt: ä»£åè©è²¼ç´™",,"609","Irvin","å¾…ç¢ºèª",,"slack #rand0m"
"g0v_db","COSCUPé‡ç”Ÿå®˜ç¶²",,"235","ETBlue","é–‹æ”¾æ–‡åŒ–",,"https://g0v.hackpad.com/COSCUP-2015--WxxpYVpXOWA"
"g0v_db","Child Not Found",,"4","ETBlue,?","å…’å°‘",,
"g0v_db","Children Image",,"99","å°å¤©","å…’å°‘",,"https://docs.google.com/document/d/1znrHAtJEdW3mMX3pN2n60nYjbPsDCIuldgDi8FoPWKI/edit"
"g0v_db","Code for Japan(Nanto) é–‹æ”¾è³‡æ–™æ–°æ‰‹æ‘æ¡ŒéŠä¸­æ–‡ç‰ˆ",,"474","å­é­š","å¾…ç¢ºèª",,"https://g0v.hackpad.tw/Code-for-JapanNanto--qIrL0tB5POF"
"g0v_db","DAOJO é“å ´",,"499","nchild","å¾…ç¢ºèª",,"https://g0v.hackpad.tw/daojo"
"g0v_db","Data + Design è³‡æ–™ï¼‹è¨­è¨ˆ æ­£é«”ä¸­æ–‡ç‰ˆç¿»è­¯",,"264","nchild","ç¿»è­¯",,"bit.ly/data-design-zh"
"g0v_db","Dear Airlines",,"523","Sleep No More","å¾…ç¢ºèª",,"http://x.co/aircn"
"g0v_db","Debater ç·¨è¼¯å°å¹«æ‰‹ browser plugin",,"333","ETBlue","å·¥å…·",,"https://g0v.hackpad.com/Debater--vjeJIZ8onSY"
"g0v_db","Emojiå†ä¾†ä¸€æ¬¡ä¹‹é€ç´ é‚„çœŸé€²Unicode",,"365","Bobby Tung","è—è¡“,å·¥å…·",,"https://g0v.hackpad.com/Emoji-YPkxkHyGz97"
"g0v_db","Excel å°å·¥å…·",,"303","ronny","å·¥å…·",,"https://g0v.hackpad.com/Excel--jkpco57DjJH"
"g0v_db","FBå¸³è™Ÿé™£äº¡è€…è¯ç›Ÿ",,"452","Even","å¾…ç¢ºèª",,"https://hackmd.io/OwNgLAzMCM0KYFoAMSCcIFgGYmgghrBAhACapb4AcWVAxhKkkA"
"g0v_db","Foodsharing Taiwan - foodsharing tool",,"422","Stefan Simon","å‰©é£Ÿ",,"https://www.facebook.com/foodsharingtaiwan"
"g0v_db","GroovIM",,"17","Mindos","å¾…ç¢ºèª",,"https://hackpad.com/DBKDLhwKiA4"
"g0v_db","Guild Wars 2 Inventory",,"293","ETBlue","å·¥å…·",,"https://g0v.hackpad.com/Guild-Wars-2-Inventory-NcrQirRU18O"
"g0v_db","HackMD UI/UX æ”¹å–„æ¡ˆ",,"350","jackycute","å·¥å…·",,"http://youtu.be/BGvr-s3EDKI"
"g0v_db","HackStory",,"381","åŠ‰æ","åª’é«”",,"https://g0v.hackpad.com/HackStory-6svktTYKVLb"
"g0v_db","HackStoryå…±ç­†æ™‚é–“è»¸",,"379","åŠ‰æ(night17x)","åª’é«”",,"https://g0v.hackpad.com/HackStory-6svktTYKVLb"
"g0v_db","HackingMap DEMO",,"481","unknown","å¾…ç¢ºèª",,"https://g0v.github.io/HackingMap"
"g0v_db","Herstory in East Asia / æ±äºå¥³æ¬Šé‹å‹•æ™‚é–“åœ°åœ–",,"640","ael","å¾…ç¢ºèª",,"https://g0v.hackmd.io/EYSWYz8ZRB2oN6RHrVNf5g?both"
"g0v_db","How Well Do You Know About China?",,"489","Brian","å¾…ç¢ºèª",,
"g0v_db","ICO è³‡è¨Šæ­éœ²å¹³å°",,"537","GITA","å¾…ç¢ºèª",,"https://g0v.hackpad.tw/ICO-transparency-platform-TqFhFwXrI4h"
"g0v_db","InternLens å¯¦ç¿’é€è¦–é¡ï¼Œå…¨å°æœ€é€æ˜çš„å¯¦ç¿’è³‡è¨Šå¹³å°",,"401","kjohn","å‹å‹•",,"https://quip.com/jUL9AOFMHDST"
"g0v_db","IoT ç©ºæ±¡åµæ¸¬",,"259","miaoski","ç’°å¢ƒ,ç©ºæ±™",,"https://g0v.hackpad.com/IoT-DIY-B1xkj9fUqqH"
"g0v_db","IssueTaiwan å°ç£å¥½å•é¡Œ",,"271","nicky","ç›£ç£",,"https://g0v.hackpad.com/IssueTaiwan--OCelk22n02v"
"g0v_db","JSonView(Androidå¿«é€Ÿé–‹ç™¼OPenData)",,"430","Hsu Weiyen","å·¥å…·",,"goo.gl/EfyZ5n"
"g0v_db","Kialo å°ç£æ”¿æ²»è¿·ä½ ç¶­åŸºç™¾ç§‘",,"615","allenlinli","å¾…ç¢ºèª",,"https://g0v.hackpad.tw/Ptt--ctwZwU7BxcJ"
"g0v_db","LINE BOT å¸‚å®¹å¹«æ‰‹",,"606","Pamela","å¾…ç¢ºèª",,"https://beta.hackfoldr.org/cityscape_helper"
"g0v_db","M Project",,"188","a0kman","å¾…ç¢ºèª",,"http://hackfoldr.org/mproject"
"g0v_db","MT7688",,"290","Mindos","å¾…ç¢ºèª",,
"g0v_db","Mozilla Common Voice èªéŸ³è³‡æ–™åº«æ”¶é›†",,"553","Irvin","é–‹æ”¾è³‡æ–™",,"https://moztw.hackpad.tw/Common-Voice-g0v33"
"g0v_db","NPO Lab å…¬ç›Šå¯¦é©—å®¤",,"226","Kenny","NPO lab",,"https://docs.google.com/document/d/1rKRk4ZL8ROpjeS23006tt61a71jJezbwPSIuEY8jOrY/edit?usp=sharing"
"g0v_db","NT01 åœ°çƒä¸Šçš„å¤¢å¹»é€¸å“ç·šä¸Šå‹éŒ„",,"601","cotton","ç’°å¢ƒ",,
"g0v_db","News Diff ä¾†çœ‹çœ‹æ–°èæ”¹éäº†æ²’?",,"41","ronnywang","åª’é«”",,"https://github.com/ronnywang/newsdiff"
"g0v_db","Open Source Guide ç¿»è­¯å‘",,"462","TypingMonkey","å¾…ç¢ºèª",,"https://g0v.hackpad.tw/g0v-shadow-ta138sdLdND"
"g0v_db","PTT.ai",,"558","Lilian / è€è•­ / Sam","å¾…ç¢ºèª",,"https://github.com/ailabstw/go-pttai"
"g0v_db","People Watch",,"30","snowmantw","åª’é«”",,
"g0v_db","Positive Coin å¸•æ–¯å ¤è²¨å¹£",,"612","æç´«å½¤","å¾…ç¢ºèª",,"https://hackmd.io/@Ntwa8442Sl6UiFDk6420VQ/B1aUq2cQS"
"g0v_db","Ptt ä¸èƒ½äº¡ï¼šç¤¾ç¾¤æ©Ÿåˆ¶é‡æ§‹èˆ‡é™ä½ä½¿ç”¨è€…é€²å…¥é–€æª»",,"649,616,583","ç¥–å„€,okcool","ç¤¾ç¾¤åª’é«”",,"https://g0v.hackpad.tw/Ptt--ctwZwU7BxcJ"
"g0v_db","Rentea è¨­è¨ˆçµ¦ç§Ÿå±‹è€…çš„é–‹æºæ‰¾å±‹å·¥å…·",,"596,575","å…‹ç¾…ä¾,ddio","ç”Ÿæ´»,å·¥å…·",,"https://g0v.hackmd.io/Bv_1JeHoT1O8gIjFBEJROg"
"g0v_db","Rev Now éŸ³æ¨‚è£½é€ ",,"318","Neo","å…±äº«,åª’é«”",,"å¾…è£œ"
"g0v_db","Roadpin - Report",,"108","è€è•­","äº¤é€š",,"http://106.187.101.193"
"g0v_db","SOAK æ³¡ãƒ»è­°é¡Œæ“´æ•£æ©Ÿ",,"228","nchild","ç¶“æ¿Ÿ",,"https://g0v.hackpad.com/iWODvWQnIGM"
"g0v_db","Say Hi !!! g0ver",,"486","YuTin","å¾…ç¢ºèª",,"https://github.com/g0v/g0ver-box"
"g0v_db","Sea star in-media platform",,"635","fish","å¾…ç¢ºèª",,"https://hackmd.io/wUN7Rx99QaKV2c7hLghCeQ"
"g0v_db","Social Network Analysis of Taipei City Decision-Makers",,"636","Julien","å¾…ç¢ºèª",,"http://bit.ly/2NqmTN0"
"g0v_db","Summit æ”¯æ´å‰ç·š",,"310","LY","g0v summit",,"https://g0v.hackpad.com/g0v-summit-2016--n6mtHE69Kzg"
"g0v_db","TaipeiTimesç‰¹å¯«å ±å‘Š",,"266","Aaron","æ–°è",,"https://hackpad.com/Taipei-Times-Feature-Article-on-g0v-TdhRNHamGAV"
"g0v_db","Taiwan 2030",,"319","BoYi","æ°‘ä¸»åƒèˆ‡",,"http://hackfoldr.org/taiwan-2030"
"g0v_db","Taiwan Debt Clock",,"40","ipa","è²¡æ”¿",,"http://www.usdebtclock.org"
"g0v_db","Taiwan Online",,"44","crys","åª’é«”",,"https://docs.google.com/file/d/0B_jHHdJNIQKNd1JDSndZOEp3bEU/edit?usp=sharing"
"g0v_db","The Space Hub",,"470","bess","åœ°åœ–,å·¥å…·",,"https://g0v.hackpad.tw/The-Space-Hub"
"g0v_db","The good, bad and ugly of Emergency Data",,"547","Ziv/Peling/Dennis","å¾…ç¢ºèª",,"https://drive.google.com/file/d/19PfW0r6i2bR8g6EGStOZGTabWUP8BHBS/view?usp=sharing"
"g0v_db","Translate4you ç‚ºä½ ç¿»è­¯",,"276","chewei","èªè¨€,ç¿»è­¯,å·¥å…·",,"https://g0v.hackpad.com/Translate4you--j5b4i4DdTbX"
"g0v_db","Trello çœ‹æ¿ä¸€ç§’è®Šç¶²ç«™",,"493","æ›¸æ‡·","å·¥å…·",,"https://g0v.hackpad.tw/Trelolo.com--zqDbdM2arCv"
"g0v_db","WaterGoï¼å…è²»é£²ç”¨æ°´åœ°åœ–",,"323","é™³ç‘è³“","ç’°å¢ƒ",,"http://beta.hackfoldr.org/drinking-water/BAdDl4G9uXM"
"g0v_db","WizardAmigos CodeCamps",,"373","NIna&Alex","å·¥å…·,éŠæˆ²",,"http://slides.com/ninabreznik/wizardamigos-7#"
"g0v_db","Zero waste taiwan å°ç£é›¶å»¢æ£„å¹³å°",,"561","ivy","å¾…ç¢ºèª",,"https://hackfoldr.org/zero-waste-taiwan"
"g0v_db","[COVID-19] 0archive é›¶æ™‚æª”æ¡ˆå±€ - æ­¦æ¼¢è‚ºç‚è³‡æ–™åˆ†æ",,"641","chihao","å¾…ç¢ºèª",,"https://0archive.tw"
"g0v_db","[COVID-19] Stop coronavirus hackathon, Japan",,"638","Hal Seki","å¾…ç¢ºèª",,"https://github.com/tokyo-metropolitan-gov/covid19"
"g0v_db","[COVID-19] å„åœ‹ç–«æƒ…é‚Šå¢ƒæ§åˆ¶å¯è¦–åŒ– react widget",,"639","Vincent","å¾…ç¢ºèª",,"https://hackmd.io/@JNc71p-sSAmkvOYsyZlLbg/HyX1UgrrI/edit"
"g0v_db","data public. raw data Archive",,"631","[FtO] sshony,mee","å¾…ç¢ºèª",,"g0v Slack"
"g0v_db","data.g0v.tw ng",,"147","jimmy","g0v",,"https://g0v.hackpad.com/Data.g0v.tw-ng-LA2MpOEjraI"
"g0v_db","eCourt ä¾ç¾…ç´€å…¬åœ’",,"48","shu","æ³•å¾‹",,
"g0v_db","elixus åˆ° g0v ä¹‹ ilya ç´€å¿µå…±ç­†",,"567","æªæ¾","g0v",,
"g0v_db","g0v 2014 summitä¸»è¦–è¦ºé€²åº¦å ±å‘Š/å¡«å‘éŠæˆ²ææ¡ˆå¾µæ±‚",,"123","Shanzay/Airos","g0v",,"https://g0v.hackpad.com/g0v-summit-2014--S98dMyXUUR"
"g0v_db","g0v @ å°åŒ—æ•¸ä½è—è¡“ç¯€",,"258","chihao","g0v",,"http://goo.gl/r8gIlG"
"g0v_db","g0v Budget Reboot",,"357","clkao","è²¡æ”¿",,"http://beta.hackfoldr.org/open-budget"
"g0v_db","g0v Shadow",,"461","Ttcat","å¾…ç¢ºèª",,"https://g0v.hackpad.tw/g0v-shadow-ta138sdLdND"
"g0v_db","g0v Summit 2018 å•Ÿå‹• & æœƒè­° APP é–‹ç™¼",,"459","ipa","g0v summit",,"http://beta.hackfoldr.org/g0v-summit2018"
"g0v_db","g0v Summit 2020 @ å°å— Tainan Taiwan",,"642","Bess","å¾…ç¢ºèª",,"https://g0v.hackmd.io/@summit2020/book"
"g0v_db","g0v Summit 2020",,"623","Bess","å¾…ç¢ºèª",,"g0v Slack #Summit"
"g0v_db","g0v sense tw ä»‹ç´¹ + g0v æ­·å±†é—œå¿ƒè­°é¡Œæ•´ç†",,"527","hychen","åª’é«”",,"https://beta.hackfoldr.org/sense-tw"
"g0v_db","g0v summit 2018 ç·šä¸Šäº¤å‹å¤§å¹³å°",,"518","ipa","g0v Summit",,"https://g0v.hackmd.io/POmvTZ-QQQWKcjUi52xOnA?view"
"g0v_db","g0v summit",,"109","hcchien","g0v",,
"g0v_db","g0v summit2018 å”è¾¦ä¹‹é»‘å®¢æ¾æ´»å‹•æå‰æ›å…‰ (2018 HackH2O)",,"496","Mavis","g0v summit",,"http://goo.gl/7entun"
"g0v_db","g0v tools",,"516","YuTin","g0v",,"http://x.co/g0vtools"
"g0v_db","g0v Ã— gov--å¯ä»¥ä¸å»é–‹æ›¼è¨­å…¬å¸å—ï¼Ÿ",,"192","è”¡ç‰ç² (jaclyn)","ç¶“æ¿Ÿ,æ°‘ä¸»åƒèˆ‡",,"https://vtaiwan.tw"
"g0v_db","g0v å…¨çƒæ¨å‘",,"529","Lulu","g0v",,"https://ocftw.kktix.cc/events/usavisits"
"g0v_db","g0v å…¬å ±çµ„",,"126","Lee","g0v",,"https://g0v.hackpad.com/JTSWsHutsb"
"g0v_db","g0v åŸºç¤å»ºè¨­",,"335","clkao","g0v",,"https://g0v.hackpad.com/projecthub-redux-9U6DLtdZc48"
"g0v_db","g0v å°ˆæ¡ˆå¾©æ´»ç¯€è¨ˆåŠƒ",,"446","Ronny","g0v",,"https://g0v.hackpad.tw/g0v--9MbKWNVW1Is"
"g0v_db","g0v æªæ¾ç¶²",,"450","Kirby","g0v",,"https://g0v.hackpad.tw/g0v--JAjfHwGD32I"
"g0v_db","g0v çåŠ©é‡‘",,"428","å°ç­","g0v",,"https://docs.google.com/presentation/d/1olUiB9WBtH_JQXYTH2lX62SBNqxSEMpAstSMI2RrIxc/edit#slide=id.g207df311e5_1_167"
"g0v_db","g0v çåŠ©é‡‘é–‹å§‹å¾µä»¶å•¦ 12/10-1/13 ä¾†ææ¡ˆ",,"550","Bess","g0våŸºç¤å»ºè¨­",,"https://grants.g0v.tw"
"g0v_db","g0v ç¤¾ç¾¤æ²»ç†è¨è«–",,"599","Ronny","g0v",,"https://g0v.hackmd.io/vYdTfaYeR7SnIU3zT5evOw"
"g0v_db","g0v ç´€éŒ„çŸ­ç‰‡ä»‹ç´¹",,"385","Sarah Maquet (journalist) and Dominique Preusse (director/cameraman)","g0v",,
"g0v_db","g0v è€ƒå¤å­¸å®¶æš¨åŸºç¤å»ºè¨­ç‰¹æ”»éšŠ",,"617","å¤§åŠ©","g0v",,"https://g0v.hackmd.io/eC2vgApVTu2AT7UmHeLDEg"
"g0v_db","g0v é›¶æ™‚ç©ºæ±™è§€æ¸¬ç¶²",,"312","Lafudoci","çµ±è¨ˆ,ç’°å¢ƒ,ç©ºæ±™",,"https://g0v.hackpad.com/g0v--TexkKFNmqZP"
"g0v_db","g0v-intlã€æ²–ç¹©é»‘å®¢æ¾",,"566","pm5","g0v",,"https://g0v.hackmd.io/3OIQMwCyT_iOl64y8otFMg#"
"g0v_db","g0v-shadow å½±å­æ”¿åºœç¶²ç«™",,"472","ttcat","æ”¿æ²»,ç›£ç£",,"https://g0v.hackpad.tw/g0v-shadow--ta138sdLdND"
"g0v_db","g0v.news åŸ·è¡Œè¨ˆç•«",,"378","Ttcat","g0v",,"https://g0v.hackpad.com/g0v.news--aXd55BN8hmk"
"g0v_db","g0v.news",,"416","canadian_aaron","g0v",,"g0v.news"
"g0v_db","g0v.newsä»‹ç´¹ï¼‹è³‡è¨Šå¤±èª¿åœ–è¡¨åŒ–",,"528","è‚²è»’","g0v",,"https://docs.google.com/document/d/1Ihz43okSP36WV0GnmN4XdmFUGi2mMYXOq2j0VntHdKo/edit"
"g0v_db","g0v.newsæ„è¦‹å¤§æ”¶é›†",,"490","kting","g0v",,"https://g0v-tw.slack.com/messages/C30F846JU"
"g0v_db","g0v.newsï¼Œå…¬æ°‘ç§‘æŠ€æ–°è",,"543","è‚²è»’","åª’é«”",,"https://docs.google.com/presentation/d/13ebchKy3MZvK7XKH3ogS0soy-UIdJ2YJHWIcVFfZGN8/edit#slide=id.p"
"g0v_db","g0v.social ActivityPub è½‰æª”",,"551","poga","g0våŸºç¤å»ºè¨­",,"https://g0v.hackmd.io/OZkYrTx6RZy4bkvjNvJ9DQ"
"g0v_db","g0v@å°åŒ—æ•¸ä½è—è¡“ç¯€",,"279","chihao","g0v",,"http://beta.hackfoldr.org/%E7%9C%BE%E5%BF%97%E6%88%90%E5%9F%8E/hackath16n-AhBaJJ6GX6V"
"g0v_db","g0vbanner: é€™æ˜¯ä¸€å€‹g0v å°ç£å…¬æ°‘ç§‘æŠ€ç¤¾ç¾¤é–‹ç™¼çš„ç¶²ç«™ã€‚",,"536","kjcl","g0v,å·¥å…·",,"https://github.com/g0v/banner"
"g0v_db","g0vdatabase å°ˆæ¡ˆè³‡æ–™åº«è£œå®Œè¨ˆç•«",,"565","Lora","g0v",,"https://g0v.hackmd.io/EpU0aJihRfqPoCkdj67UEQ"
"g0v_db","g0vhub - g0v å°ˆæ¡ˆèªéŸ³åŠ©ç†",,"560","fly","g0v",,"https://heysiri.dev"
"g0v_db","g0vopen faceg0v",,"133","ingy","g0v",,
"g0v_db","g0våŸºç¤å»ºè¨­- é¦–é 2.0",,"38","ETblue ipa","g0v",,"http://hack.g0v.tw/meta/YC0Ig73WEMJ"
"g0v_db","g0vå¤©ä¸‹éƒ¨è½æ ¼ä¾›ç¨¿åº«+äººåŠ›è³‡æºéƒ¨",,"66","ipa","g0v",,"http://hack.g0v.tw/cwblog"
"g0v_db","g0vå®£è¨€å°èªç‰ˆã€è‹±èªç‰ˆã€å¤šåœ‹èªè¨€ç‰ˆ",,"620","isabel Hou","å¾…ç¢ºèª",,"g0v slack #jothon #intl"
"g0v_db","g0væ–°æ‰‹è®€æ›¸æœƒ",,"329","Yoyo","g0v",,"https://g0v.hackpad.com/g0v-T8j3gi1D2ee"
"g0v_db","g0vç´€éŒ„ç‰‡è£½ä½œä¸­",,"625","ihshok","å¾…ç¢ºèª",,"https://g0v.hackmd.io/FsghOtEXR22aC9ycLsAQ-Q"
"g0v_db","i64885",,"72","cpyang","å¾…ç¢ºèª",,"https://github.com/g0v/i64885"
"g0v_db","iOS Appå¯©æ ¸æ¢è¨ä¹‹æ”¿æ²»å¹²é ?",,"194","Novel","æ”¿æ²»",,"https://g0v.hackpad.com/iOS-App-l2r4qdju7cR"
"g0v_db","iTaigi æ„›å°èª",,"322","Liz","èªè¨€",,"https://g0v.hackpad.com/moed7ct-taigi-neologism#iTaigi"
"g0v_db","iTaigiå˜›æ„›è¬›å°èª",,"299","Liz","èªè¨€,å·¥å…·",,"https://g0v.hackpad.com/moed7ct-taigi-neologism?r=0#iTaigi"
"g0v_db","iTaigiæ„›å°èªé›¢è·¤æ‰‹",,"533","liz","èªè¨€",,"https://drive.google.com/open?id=1UUaNVJKIrfWH6JsCCo8Z9psbdA4YisNlh9aGJvwyt9M"
"g0v_db","iTaigiï¼šå®¶å·±çš„è¾­å…¸å®¶å·±ç·¨",,"380","èŠéŠ˜å½¥","èªè¨€",,"https://g0v.hackpad.com/moed7ct-taigi-neologism#iTaigi-"
"g0v_db","itaigi.tw æ„›å°èª",,"347","johnny","èªè¨€",,"https://g0v.hackpad.com/moed7ct-taigi-neologism#iTaigi"
"g0v_db","ivodä¸‹è¼‰å™¨UIæ”¹å¯«",,"215","Joyhsu","åœ‹æœƒ",,"https://g0v.hackpad.com/IVOD-KdTs5gZb3yw"
"g0v_db","liquid feedback",,"39","clkao","æ°‘ä¸»åƒèˆ‡",,"http://lqfb-test.g0v.tw/pf"
"g0v_db","lost",,"426","gavin","å¾…ç¢ºèª",,"https://goo.gl/g3d56V"
"g0v_db","n5c",,"77","jimmy","å¾…ç¢ºèª",,"https://docs.google.com/presentation/d/1ID80bBKPJql0OjJ9FneLrYfz1YmKzUzCqb0qKLT7zyE/edit?usp=sharing"
"g0v_db","padagraph.io + g0v.tw = ?",,"328","ynnk&a-tsioh","g0v",,"https://g0v.hackpad.com/Padagraph.io-Dp1htXil6rO"
"g0v_db","politwoops.tw",,"139","yhsiang","ç›£ç£",,"https://g0v.hackpad.com/politwoops.tw-TMZxxNandPs"
"g0v_db","search-g0v",,"341","Allan","g0v",,
"g0v_db","sense.tw - è­°é¡Œé‡æ¸…å·¥å…·",,"507","hychen","åª’é«”",,
"g0v_db","sense.tw æ¦•æ¨¹ä¸‹ãƒ»çœ¾é–‹è¬›",,"492","ael","å·¥å…·",,"https://docs.google.com/presentation/d/1JzmCysvXnzM7DhTlqwZolnW2Znk11A5icq-8WRnaJM0/edit?usp=sharing"
"g0v_db","uWikipedia.org æ²¹é›ç™¾ç§‘",,"510","fly","å¾…ç¢ºèª",,"j.mp/y-tts-"
"g0v_db","vTaiwan @ TAF",,"443","å­é­š","æ°‘ä¸»åƒèˆ‡",,"https://g0v.hackpad.tw/vTaiwan-106.09.16--38bNZoqCDn4"
"g0v_db","vTaiwan å…¬æ°‘åƒèˆ‡æ–°æ‰‹æ‘ï¼ä¾†ç©æ¡ŒéŠè€¶å’¿ :P",,"648","å“²è¼”","å¾…ç¢ºèª",,"https://g0v.hackmd.io/NeEbQF6iTVmZXyYOyV6mfQ?view"
"g0v_db","vTaiwan æ”¹ç‰ˆ",,"362","æ›¸æ¼¾","æ°‘ä¸»åƒèˆ‡",,"https://g0v.hackpad.com/H2QhNRFVMOw"
"g0v_db","vTaiwan",,"509","Peace","æ°‘ä¸»åƒèˆ‡",,"https://vtw.link/1v_1Wwt5gqaUEJeBNR5XU6Hm3JpqSxDorROfCzpDK1bY/https%253A%252F%252Fg0v.hackpad.tw%252F20180502-vTaiwan-XClxInLEjfe"
"g0v_db","vTaiwan.tw ç¬¬äºŒéšæ®µ",,"216","au","æ°‘ä¸»åƒèˆ‡",,"https://g0v.hackpad.com/vTaiwan.tw-hackath12n-RLDmz3h7oJg"
"g0v_db","vTaiwanæ”¿åºœè³‡æ–™è·¨éƒ¨é–€é‹ç”¨æ¡ˆ",,"494","tmonk","æ°‘ä¸»åƒèˆ‡,é–‹æ”¾æ”¿åºœ",,"https://g0v.hackpad.tw/vTaiwan-2018.03.03-Data-Integration--wrI370PrRxA"
"g0v_db","vTaiwanï¼šä¾†åšChatbotå§",,"475","å­é­š","æ°‘ä¸»åƒèˆ‡",,"https://docs.google.com/presentation/d/1fzcl1M43iA_1bqRbY3_r_jgP6OnJwZbrKNUPdkQKbcQ/edit#slide=id.p"
"g0v_db","âœ¨ğŸ’ŒğŸ•³zMAGIC CHAT PORTALS between the chat-homes of all communities!",,"546","patcon","å·¥å…·",,"https://g0v.hackmd.io/s/Sy5y_pw1N"
"g0v_db","ã€Œg0v å…¬æ°‘ç§‘æŠ€å‰µæ–°çåŠ©é‡‘ã€& è©¢å•å°",,"369","ipa","g0v",,"http://grants.g0v.tw"
"g0v_db","ã€Œå‡çš„ï¼ã€-- è­·ç—…æ¯”è³‡æ–™æŸ¥è©¢",,"346","peggy","é†«ç™‚",,"https://g0v.hackpad.com/L4KNanSM67U"
"g0v_db","ã€Œå”é³³åšäº†ä»€éº¼ã€é å‘Šï¼",,"444","é›¨è’¼","å¾…ç¢ºèª",,"https://docs.google.com/presentation/d/1xxnHE60LkX0JL31Ob-wqSS4sBL8N8PzByWfUzd4y40k/edit?usp=sharing"
"g0v_db","ã€Œæ–°èåˆ†ææŒ‡æ¨™ã€ä»¥åŠã€Œè½‰æª”å·¥å…·ã€",,"410","Michael_LIï¼ˆæ–°èæ¾ x åª’è§€ï¼‰","åª’é«”",,"https://newshackathon.hackpad.com/--rJ6ArtkHum0"
"g0v_db","ã€Œç¨‹åºæ­£ç¾©ã€ä¹‹å¹¸ç¦ææ¡ˆ è­°é¡Œé›†ä¸­å…±äº«åª’é«”ç¶²ç«™",,"202","Nicky è¬","æ³•å¾‹",,"http://bit.ly/1KV7dYP"
"g0v_db","ã€Œè¢«çµ±ä¸€æœƒæ€æ¨£ï¼Ÿã€å…±ç­†",,"576","æ—ç«‹","æ”¿æ²»",,"https://hackmd.io/VdW-NEO7TrCyGwVRnkXafg?both"
"g0v_db","ä¸€å€‹ç¤¾æœƒå…¬å…±äº‹å‹™ç¤¾ç¾¤çš„ UX2.0",,"309","Faraday Jeffrey","å·¥å…·",,"å¾Œè£œ"
"g0v_db","ä¸€æ€ä¸€å‹ Mentor Matching",,"387","Mentor Matching å·¥ä½œåœ˜éšŠ","æ•™è‚²",,"https://g0v.hackpad.com/-Mentor-Matching-TdTZhgyg0Y5"
"g0v_db","ä¸€èµ·ä¾†ç©é˜²ç½æ¼”ç¿’å”„ï½",,"295","å°å››","ç½å®³",,"https://hackpad.com/105-UWDiLaZEEaQ"
"g0v_db","ä¸€èµ·è’¸æ‡¶äººåŒ…",,"344","nchild","åª’é«”",,"http://g0v.hackpad.com/lazytogether"
"g0v_db","ä¸–å¤§é‹åæ 3æœˆ29æ—¥å…µæ£‹æ¨æ¼”",,"398","YuTin","ç½å®³",,"https://hackpad.com/1063-6lcKhsOqUuC"
"g0v_db","ä¸–ç•ŒéŠ€è¡Œxä¸»è¨ˆè™•",,"79","ronny","åœ°åœ–,çµ±è¨ˆ",,"https://docs.google.com/document/d/13tdMhFaa4AOxPhoxpfmIuCtkybDHaf69bGzuDkX6vBk/edit"
"g0v_db","ä¸­å¤®åŠ©è½å™¨ï¼šåƒåƒå‚¾è½ï¼Œè¬äººå”ä½œç§‘æŠ€æ”¿ç­–ç™½çš®æ›¸",,"457","ael","æ°‘ä¸»åƒèˆ‡",,"http://beta.hackfoldr.org/GGV"
"g0v_db","äº’å‹•å•ç­”å¼æ•¸ä½å°ˆè¼¯",,"174","tkirby","åª’é«”",,"http://github.com/zbryikt/qa"
"g0v_db","äºæ´²æ¨¡æ“¬äººæ¬Šæ³•é™¢",,"587","YuTin","æ³•å¾‹",,"https://www.facebook.com/AHRCS.org"
"g0v_db","äººäººæœ‰æ¡ˆæ",,"152,128","ddio,peiyu kuo,littleta","æ°‘ä¸»åƒèˆ‡,g0v,å·¥å…·",,"https://g0v.hackpad.com/9x2rxSwUc"
"g0v_db","äººå£ç­‰è³‡è¨Šåœ°åœ–åŒ–",,"7","ronnywang","äººå£",,
"g0v_db","ä¼æ¥­æ°¸çºŒè³‡è¨Šå¹³å°ï¼ˆCorporate Social Responsibilityï¼‰",,"437","ææŒ¯åŒ—","å·¥å…·",,
"g0v_db","ä½ ä»Šå¤©åŠ ç­äº†å—?",,"320","éŸ‹éŠ˜","å‹å‹•",,"https://g0v.hackpad.com/tA21IMtODD8"
"g0v_db","ä½ æƒ³è¦æ€æ¨£çš„é»¨ç”¢è³‡æ–™ç¶²ç«™ï¼Ÿ",,"356","é›¨è’¼","è½‰å‹æ­£ç¾©",,"https://g0v.hackpad.com/xpvderSMBSU"
"g0v_db","ä½ è¢«æœè²¿äº†å—ï¼Ÿï¼ˆæœè²¿è¡Œæ¥­å°ç…§è¡¨ï¼‰",,"78","nchild","æ³•å¾‹",,"https://g0v.hackpad.com/-g0v--SUkMbG4IV6v"
"g0v_db","ä¾†å»å®œè˜­ä½ä¸€è¼©å­",,"199","wenchuan","è¾²æ¥­,ç¶“æ¿Ÿ",,"https://g0v.hackpad.com/jAFuERTpDC5"
"g0v_db","ä¿¡å·® - ç¤¾é‹é„‰æ°‘å‡ºä¾†èµ°",,"498","eddie","å¾…ç¢ºèª",,"https://g0v.hackpad.tw/Courier--zbl3CtRxsmg"
"g0v_db","å‡æ–°èçš„ä¸»é¡Œï¼šç±Œè¾¦æ¼”è¬›æœƒï¼å¤§æ¾ä¾†ç©æ¡ŒéŠã€ŠæŠ“èª‘æ–°èã€‹",,"555","Michael_LI","å¾…ç¢ºèª",,"https://hackmd.io/s/H10h63AIE#"
"g0v_db","å‡æ—¥å·¥æ™‚çŸ¥å¤šå°‘ï¼šæ³•æºè£œå®Œ",,"342","ETBlue","å‹å‹•",,"https://g0v.hackpad.com/HwFox2AWCZf"
"g0v_db","å¥ä¿æ ¸åˆª",,"289","å³æ²›ç‡Š","æ”¿ç­–,å¥ä¿",,"https://dsp.hackpad.com/L8FFA61oHcF"
"g0v_db","å…¨å°å…¬ç«‹å‹•ç‰©æ”¶å®¹æ‰€è³‡è¨Šçµ±æ•´",,"247","viola","å‹•ç‰©",,"https://g0v.hackpad.com/JBhVDOPxhxe"
"g0v_db","å…¨åœ‹åœ‹åœŸè¨ˆç•«.pdf",,"526","chewei","åœŸåœ°",,"https://www.facebook.com/groups/g0v.general/permalink/1688334401242959"
"g0v_db","å…¨æ°‘ä¸€èµ·åƒèˆ‡2020 ç¸½çµ±å€™é¸äººäº‹å¯¦æŸ¥æ ¸",,"598","HC","é¸èˆ‰,äº‹å¯¦æŸ¥æ ¸",,
"g0v_db","å…¨æ°‘æå ±æ–‡åŒ–è³‡ç”¢",,"624","JinWen","å¾…ç¢ºèª",,"https://hackmd.io/d7s6pJSdRByTYYebFAgwPg"
"g0v_db","å…¨æ°‘è­¦å¯Ÿå»£æ’­é›»å°",,"32","ymow","å¾…ç¢ºèª",,
"g0v_db","å…¨æ°‘é™¤é»´è¨ˆç•« APP4AM",,"141","Rhozan","åª’é«”",,"https://g0v.hackpad.com/APP4AM--YGd0FvMp9Vr"
"g0v_db","å…¨æ°‘é™¤é»´è¨ˆç•«app:æ–°èå•„æœ¨é³¥",,"165","Rhozan","ç›£ç£,åª’é«”",,"http://hack.etblue.tw/app4am/BO7zPeNfxg8"
"g0v_db","å…¨æ°‘é™¤é»´è¨ˆç•«ï¼ˆæ–°èå•„æœ¨é³¥APPï¼‰ï¼†å…¶ä»–å°ˆæ¡ˆ",,"203","Michael_LI","åª’é«”",,"https://g0v.hackpad.com/-g0v--rEzVnbqCZrz"
"g0v_db","å…«ä»™å¡µçˆ†ã€€æ–°èåˆ†æï¼ˆ80å¤©ï¼‰",,"272","Michael_LI","æ–°è,ç½å®³",,
"g0v_db","å…¬å…±æ”¿ç­–ç¶²è·¯è¨è«–è«–å£‡",,"386","èŠ¥è—èœ","æ°‘ä¸»åƒèˆ‡",,"https://g0v.hackpad.com/OUeZtcTmQon"
"g0v_db","å…¬å‹™ä¹‹è²",,"360","é­šå‡±","å…¬å‹™å“¡",,"https://hackpad.com/8B8dlXJSNax"
"g0v_db","å…¬å‹™äººå“¡é–‹æ”¾è³‡æ–™Lesson 2",,"294","Peggy","å…¬å‹™å“¡",,"https://hackpad.com/Lesson-2-SSDJngGP8MU"
"g0v_db","å…¬å‹™å“¡é–‹æ”¾è³‡æ–™Lesson 1",,"280","Peggy","å…¬å‹™å“¡",,"https://hackpad.com/Lesson-1-NNteOTb7Ftd"
"g0v_db","å…¬å‹™å“¡é–‹æ”¾è³‡æ–™Lesson 4",,"307","Peggy","å…¬å‹™å“¡",,"http://beta.hackfoldr.org/1y53yMePrhGHqYRiLnpGxRBCkEbq6gk72eswTGewx2mc"
"g0v_db","å…¬æœ‰åœ°å¤§è¡Œå‹•",,"185,136","Afeyhsu,dz1984","åœŸåœ°,å…¬æœ‰åœ°",,"http://hackfoldr.org/POPonFire"
"g0v_db","å…¬æœ‰åœ°å¤§è¡Œå‹•-è²¡æ”¿éƒ¨åœ‹ç”¢ç½²ç®¡ç†åœŸåœ°åœ°åœ–",,"275","chewei","åœ°æ”¿,åœ°åœ–",,"http://hackfoldr.org/POPonFire"
"g0v_db","å…¬æœ‰åœ°å¤§è¡Œå‹•/å¤©é¾ç‰¹å…¬åœ°",,"158","chewei","åœ°åœ–",,"http://hackfoldr.org/POPonFire/6UvvtZqOfN5"
"g0v_db","å…¬æœ‰åœ°å¤§è¡Œè³„ / å…¬æœ‰åœ°å¤§è¡Œå‹•",,"436","chewei","æ³•å¾‹",,"https://g0v.hackpad.tw/1KopENAUlH6"
"g0v_db","å…¬æœ‰åœ°å°ˆæ¡ˆï¼šæœ‰äº†é–‹æ”¾è³‡æ–™ä¹‹å¾Œï¼Ÿ",,"409","chewei","åœŸåœ°",,"https://goo.gl/fS86d3"
"g0v_db","å…¬æ°‘å”ä½œäºŒäºŒå…«æª”æ¡ˆè³‡æ–™åº«",,"511,495","Wen","è½‰å‹æ­£ç¾©",,"https://g0v.hackpad.tw/SWnxLFXNXLv"
"g0v_db","å…¬æ°‘åœ˜é«”ä¸æ¨è–¦",,"89","soidid","åœ‹æœƒ",,
"g0v_db","å…¬æ°‘ç™¾ç§‘",,"52","lanfon","çŸ¥è­˜",,"http://citizen.wiki.g0v.tw"
"g0v_db","å…¬æ°‘ç§‘æŠ€ä»¥å¤–ã€å¤§æ¾ä»¥å¤–",,"530","chihao","å¾…ç¢ºèª",,"https://hackmd.io/k3aBxFUgTQ6EK5Dv23NQKw"
"g0v_db","å…¬æ°‘ç§‘æŠ€çš„è³‡æ–™ä¿å­˜èˆ‡åˆ†æ civic-notebook",,"431","poga","è³‡æ–™åº«,å‚™ä»½",,"https://hackmd.io/CwI2FYAYBMDMGYC0l72I4wDG6AcBOYfRAQ0hAEYB2C6cANnywqA="
"g0v_db","å…¬æ°‘é‹å‹•å¾Œå‹¤è¡¨å–®ã€SOP",,"118","(æœ‰èª°å¯ä»¥å¹«æˆ‘å»£å‘Š XD æ²’äººçš„è©±å°±åˆªæ‰å§ =w=)","æ”¿æ²»",,"http://hackfoldr.org/congressnetwork/Q2ZQHLxhkK"
"g0v_db","å…¬ç›Šåœ˜é«”è§€å¯Ÿ --- è®“è³‡æ–™èªªè©±",,"80","swc","å…¬ç›Š",,
"g0v_db","å…¬ç›Šå¯¦é©—å®¤",,"193","Kenny","å¾…ç¢ºèª",,"https://docs.google.com/document/d/1rKRk4ZL8ROpjeS23006tt61a71jJezbwPSIuEY8jOrY/edit"
"g0v_db","å…¬çœ¾é™³æƒ…å¹³å°",,"578","9k","å¾…ç¢ºèª",,"https://g0v.hackmd.io/ylFvVwGSTPCmQGH4gGsFRw?both"
"g0v_db","å…±äº«è·¯å¹³",,"281","Dylandy","å…±äº«",,"https://g0v.hackpad.com/Iz4ydeSxlGH"
"g0v_db","å…±äº«é—œå¿ƒ(Justwithin)",,"432","Maggie Sheu","å…±äº«",,"https://g0v.hackpad.tw/Justwithin-dQ4KZ1vHxwX"
"g0v_db","å…±ç”ŸéŸ³æ¨‚ç¯€å¤§ç¶²é è¨ˆåŠƒ",,"371","å­æœŸ","è½‰å‹æ­£ç¾©",,"https://g0v.hackpad.com/g0v--lB4dmrpRAfs"
"g0v_db","å…±ç­†æ™‚é–“è»¸",,"349","cheetah","åª’é«”",,"https://g0v.hackpad.com/HackTimeline-6svktTYKVLb"
"g0v_db","å…±è­˜é ç…® precooksensus",,"325","nchild","æ°‘ä¸»åƒèˆ‡",,"https://g0v.hackpad.com/precooksensus"
"g0v_db","åˆ¤æ±ºæ›¸æ‡¶äººåŒ…",,"256","ronny","æ³•å¾‹",,"https://g0v.hackpad.com/suxchYnyCBR"
"g0v_db","å‰ç»è¨ˆç•«æ•¸ä½å…§å®¹å…¨æ°‘å…¬è½æœƒ",,"414","å­ç‘‹","æ°‘ä¸»åƒèˆ‡",,"https://hackpad.com/GGVzQvHn6Ti"
"g0v_db","å‰²é—Œå°¾Vè¨ˆç•«",,"172","æ—ç¥–å„€(å°åŒ—æ—å…ˆç”Ÿ)","æ”¿æ²»",,"https://g0v.hackpad.com/V-NMUKAD9OBI8"
"g0v_db","å‰²é—Œå°¾Wè¨ˆç•«",,"191","å°åŒ—æ—å…ˆç”Ÿ","æ”¿æ²»",,"https://appyteam.hackpad.com/-g0v--5pkcgk4eOtf"
"g0v_db","å‹•æ†²æ³•",,"204,187","ETBlue","æ³•å¾‹",,"https://g0v.hackpad.com/-x--ZlxnPcG1xLm#:h=å°ˆæ¡ˆå ±å‘Š@2015/2/14-ä¸å¾—å®£å‚³ç½·å…é»‘å®¢æ¾"
"g0v_db","å‹•æ°‘ä¸» 1.0",,"54","ETBlue","æ°‘ä¸»åƒèˆ‡",,"http://hack.g0v.tw/g0v-hackath4n/k0GhzNzPTyW"
"g0v_db","å‹•æ°‘ä¸» 1.337 - å…¨æ°‘è¨˜è€…æœƒ",,"106","ETBlue","æ°‘ä¸»åƒèˆ‡",,"https://g0v.hackpad.com/-g0v-hackath7n-g6Ka3ms2rp3"
"g0v_db","å‹•æ°‘ä¸» 2.0",,"55","ETBlue","æ°‘ä¸»åƒèˆ‡",,"http://hack.g0v.tw/meta/iTXM54EBWVo"
"g0v_db","å‹•æ°‘ä¸» labã€g0v project list",,"154","ETBlue","g0v",,"http://hack.g0v.tw/don-democracy/Ejozjt0LSZm , http://hack.g0v.tw/meta/CPsHrGu1qLA"
"g0v_db","å‹•æ°‘ä¸»0.5",,"153","tkirby","æ”¿æ²»,æ°‘ä¸»åƒèˆ‡",,"http://github.com/g0v/don-republic/ http://bindo.la"
"g0v_db","å‹•æ°‘ä¸»å®¶æ—",,"95,65","ETBlue","æ°‘ä¸»åƒèˆ‡",,"http://hack.g0v.tw/don-democracy/Ra62eyV02sC"
"g0v_db","å‹å‹•ç›¸é—œéŠæˆ²è¨ˆç•«",,"478","æŸè±ª","å‹å‹•",,"https://g0v.hackpad.tw/hnC9l7LwwwNGRd"
"g0v_db","å‹åŸºæ³•å‡½å¼åº«ï¼šå‹åŸºæ³•ç›¸é—œæ‡‰ç”¨çš„åŸºçŸ³",,"402","yurenju","å‹å‹•",,"https://hackmd.io/c/SJES19Fy-"
"g0v_db","å‹åŸºæ³•è¨ˆç®—æ©Ÿ - è®Šå½¢å·¥æ™‚å¯¦ä½œ",,"340","Yuren","å‹å‹•",,"https://github.com/g0v/workweek/issues/20"
"g0v_db","åŒ—å¸‚è±ªå®…é€š",,"113","Ronny","å»ºç¯‰",,"http://ronnywang.pixnet.net/blog/post/3105893"
"g0v_db","å€å¡Šéˆé›»å­æŠ•ç¥¨ç³»çµ±(?)",,"549","Ofa","å€å¡Šéˆ,æŠ•ç¥¨",,"https://www.dropbox.com/s/3utnqvhhigl8qvf/blockchain_vote.pdf?dl=0"
"g0v_db","å”åŠ©å…¨çƒå¤±å­¸å…’ç«¥å°±å­¸å¹³å°",,"43","robin","å…’å°‘",,"http://www.starnm.com"
"g0v_db","å—æ¼‚è¨ˆç•«",,"541","wellson","g0v",,"https://g0v.hackmd.io/ZltGmVb5QXOOETv1m_xdcw"
"g0v_db","åŸä½æ°‘æ•¸ä½åšç‰©é¤¨ç¶²ç«™å¤§æ”¹é€ ",,"368","è”¡å¿µå„’","åŸä½æ°‘",,"https://g0v.hackpad.com/ezmmu2aN5oD"
"g0v_db","åŸèƒ½æœƒç®¡åˆ¶äº‹ä»¶æ™‚é–“è»¸",,"286","YK","èƒ½æº",,"https://g0v.hackpad.com/Sd7OkOgUSbH"
"g0v_db","åƒåŠ 2015é¦™æ¸¯èˆ‰è¾¦çš„å…©å²¸ä¸‰åœ°é»‘å®¢æ¾ç«¶è³½",,"176","æ—ä¿Šç§€","é»‘å®¢æ¾",,"https://g0v.hackpad.com/qDGr2yDRCuz#2015"
"g0v_db","åƒèˆ‡é–‹æ”¾ç«‹æ³•å°ˆæ¡ˆé€T-shirt",,"458","johnny","å¾…ç¢ºèª",,"https://councils.g0v.tw"
"g0v_db","å‰å‡ºä¸€å€‹é–‹æ”¾çš„åœ¨å®…é†«ç™‚ç¤¾ç¾¤",,"608","fly","å¾…ç¢ºèª",,"https://flyis.me/hscan"
"g0v_db","å‹å–„ç’°å¢ƒåŒæº«å±¤App",,"466","Starhead","å¾…ç¢ºèª",,"https://g0v.hackpad.tw/App-bBclKtkhC3L"
"g0v_db","ååˆ¶ä¸­å…±ç¶²è»å…¥ä¾µä¸­æ–‡ç¶­åŸºç™¾ç§‘",,"591","å°ç£ç¶­åŸºç¤¾ç¾¤","è³‡è¨Šæˆ°",,"https://g0v.hackmd.io/yD6PSK2tTSmPh6ZGAHpKVw?both"
"g0v_db","å›æ°‘åŸå¸‚åœ°åœ–è³‡æ–™é›†",,"316","æ¥Šç·¬å› ","åœ°åœ–,è³‡æ–™åº«",,"https://hackpad.com/JAhnEkKAxoi"
"g0v_db","å°ä¸­å¸‚å…¬æœ‰åœ°åœ°åœ– ğŸ—ºï¸  & å°åŒ—å¸‚å…¬æœ‰è³‡ç”¢è³‡æ–™é‡‹å‡ºæ¦‚æ³ ğŸ‘â€ğŸ—¨",,"539","chewei","åœŸåœ°,å»ºç¯‰",,"https://g0v.hackmd.io/F-qKThrCSUG5lc2FRBWjIw?view&fbclid=IwAR0TiY_kJQOWVx1184fe2OQdStjqB81b0fpe2-W-oQvU8ctUDRuxgNC2LRo"
"g0v_db","å°ä¸­è‡ªç”±/é–‹æ”¾æ–‡åŒ–æˆæ¬Šæ¢æ¬¾ 1.0 ç‰ˆ - Hack åšç‰©é¤¨é–‹æ”¾æ–‡åŒ–çš„æ–°é¸é …",,"396","æ—èª å¤","å¾…ç¢ºèª",,"https://hackmd.io/s/S11nftLcg"
"g0v_db","å°åŒ—å¸‚å»ºç¯‰ä½¿ç”¨åŸ·ç…§åˆ†æ",,"26","Ronny","å»ºç¯‰",,"http://tpebuilding.g0v.ronny.tw"
"g0v_db","å°åŒ—å¸‚å¿ƒç†è³‡æºåœ°åœ–",,"413","Fumi","å¿ƒç†",,"http://beta.hackfoldr.org/psy"
"g0v_db","å°åŒ—å¸‚æ”¿åºœè·Ÿç¤¾ç¾¤çš„åˆä½œ",,"270","unknown","é–‹æ”¾æ–‡åŒ–",,"https://g0v.hackpad.com/doit-20150820--uXVYkyc7ldE"
"g0v_db","å°åŒ—å¸‚é•·æ”¿è¦‹æ¯”è¼ƒè¡¨",,"168","lololol(ä»£ç†)","æ”¿æ²»",,"http://hack.etblue.tw/mayoral-table-project"
"g0v_db","å°ç£åƒèˆ‡é ç®—ææ¡ˆèˆ‡è¿½è¹¤ åœ°åœ–",,"348","chia hua","æ°‘ä¸»åƒèˆ‡,è²¡æ”¿",,"https://hackpad.com/--kesOVMt4rtP"
"g0v_db","å°ç£æ–‡åŒ–çµ„ç¹”ã€å€‹äººé—œä¿‚åœ–",,"542","chihao","å¾…ç¢ºèª",,"https://g0v.hackmd.io/D34S13f9R_ixLYBPSolW4Q"
"g0v_db","å°ç£ç‰ˆs4s ï¼‹ä¾¿ä¾¿æ”¶è—ä¸­æ–‡ç‰ˆ",,"394","Yu-Chen Liu","å¾…ç¢ºèª",,"https://g0v.hackpad.com/Sync-for-Science--ktNib2TTgAP"
"g0v_db","å°ç£è³„é¸å¯¦åƒ¹ç™»éŒ„åœ°åœ–",,"630","kiang","å¾…ç¢ºèª",,"g0v slack #tainan"
"g0v_db","å¸æ”¹å¯¦å¢ƒéŠæˆ²è¨ˆç•«",,"297","Effie","éŠæˆ²",,"https://g0v.hackpad.com/uG07Z5744Sp"
"g0v_db","å¸æ”¹æœƒOpen data",,"217","é›¨è’¼","æ³•å¾‹",,
"g0v_db","å³å®ˆç¦®è¾­å…¸",,"420","ä¸Šå®˜","èªè¨€,åŸä½æ°‘",,"https://meta.wikimedia.org/wiki/Wikimedia_Taiwan/OpenWuDict"
"g0v_db","å¼å¼ç†Šæ„›å‘³å™Œ",,"132","johnson lin","é¸èˆ‰",,"http://hoekuma.tumblr.com"
"g0v_db","å“²å­¸èŒå…¸",,"207","weihung","çŸ¥è­˜",,"https://g0v.hackpad.com/tor49cAgodQ"
"g0v_db","å›æ”¶å¡è·¯é‡Œ",,"585","Buni","å¾…ç¢ºèª",,"https://g0v.hackmd.io/s/H1NjSr86E"
"g0v_db","å›éŸ³æ£®æ— (for å­¸æ ¡/æ•™å¸«)  - ç”¨ AI è¨“ç·´å­¸ç”Ÿå£èªªçš„ Website",,"589","é˜¿æ—º","èªè¨€",,"https://g0v.hackmd.io/OAq3-ouBTBScLk7TOYCQtg"
"g0v_db","åœ‹åœŸç®¡ç†å±€å ±å‘Š",,"60","mindos","åœŸåœ°",,"https://github.com/g0v/twgeojson"
"g0v_db","åœ‹å®¶å¯¶è—",,"441,408","è•­a,mooon","æ­·å²","national-treasures-tw/backend,national-treasures-tw/landing-page","http://beta.hackfoldr.org/national-treasures"
"g0v_db","åœ‹æœƒç„¡é›™",,"73","spicycop","åœ‹æœƒ",,
"g0v_db","åœ‹æœƒèª¿æŸ¥å…µåœ˜ç¶²ç«™",,"212","ç‹å¸Œ","åœ‹æœƒ",,"https://cic.tw"
"g0v_db","åœ‹æœƒèª¿æŸ¥å…µåœ˜é–‹æ”¾å…¬ç£ç›Ÿæ•¸æ“šAPI",,"227","Joy","åœ‹æœƒ,æ”¿æ²»",,"https://cic.tw/opensource"
"g0v_db","åœ‹æ°‘é»¨ç”¢èª¿æŸ¥å ±å‘Š KMT Property",,"224","é›¨è’¼","æ”¿æ²»,è½‰å‹æ­£ç¾©",,"https://g0v.hackpad.com/87CNswL2g7U"
"g0v_db","åœ‹éš›ç¤¾ç¾¤åƒèˆ‡å”åŠ›åœ˜",,"134","clkao","ç¤¾ç¾¤",,"https://g0v.hackpad.com/ieiIzaSfOWu"
"g0v_db","åœæ¨™æª¢æ¸¬å™¨",,"210","Wush","æ”¿åºœæ¡è³¼",,"https://docs.google.com/presentation/d/1KChMkSegPghREVL0zsf2yw6FwgRg40a9si4AgPGlKEE/edit?usp=sharing"
"g0v_db","åœ–åšè³‡è¨Šç«™",,"164","AliceWei","æ”¿æ²»",,"https://g0v.hackpad.com/ocinSG3jCJF"
"g0v_db","åœ–åšè³‡è¨Šç¶²ç«™",,"84","å¬‹å…’","å¾…ç¢ºèª",,
"g0v_db","åœ–åšè³‡è¨Šç¶²è·¯å¹³å°",,"67","å¬‹å…’","åª’é«”",,"å¾ˆå€‰ä¿ƒ...æ‰€ä»¥æ²’é€£çµ...å¸Œæœ›ç¾éº—å³¶æ¾ç•¶å¤©å¯ä»¥ç”¢ç”Ÿé€£çµ"
"g0v_db","åœ–è§£æ€è·¯",,"83","JUMBO","è¦–è¦ºåŒ–",,
"g0v_db","åœ°å€è½‰ç¶“ç·¯åº¦ API",,"304","ronny","å·¥å…·",,"https://github.com/ronnywang/taiwan-address-lookup"
"g0v_db","åœ°æ”¿å¸ç«è»Šçµ„ä¸çµ¦ç©æ€éº¼è¾¦",,"263","chewei","åœŸåœ°",,"https://g0v.hackpad.com/z3C6ZqUlvMk"
"g0v_db","åœ°è™Ÿè½‰åœ°åœ–  Land No. Mapper",,"239","chewei","åœŸåœ°",,"https://g0v.hackpad.com/-Land-No.-Mapper-uhB6qAwYXe5"
"g0v_db","åœ°è™Ÿè½‰åœ°åœ– Land No. Mapper",,"563","chewei","åœŸåœ°",,"https://g0v.hackmd.io/uFhBRHrnR-yvvFD4ZEn3XA"
"g0v_db","å‘æ›†",,"330","leo424y","g0v",,"http://j.mp/å‘æ›†"
"g0v_db","åŸå¸‚ç¶ åœ°å¥æª¢èˆ‡è³‡è¨Šæ­éœ²",,"391","æ—æ›¸æ­£","åœŸåœ°",,"http://prezi.com/gyhqqlaj_s86/?utm_campaign=share&utm_medium=copy"
"g0v_db","å¤§å®‰æ£®æ—å…¬åœ’èŠ±å‰è¾¨è­˜ï¼šå‰ç·šæˆ°å ±",,"500","denkeni","ç”Ÿæ…‹,AI",,"https://drive.google.com/open?id=1m4bMxpkpvNgGvLZGfEgRtgtiewGo5jzM"
"g0v_db","å¤§è…¸èŠ±è£œå®Œè¨ˆç•«+S4då…¬æ°‘é »é“é é¢å»ºç«‹+é¸èˆ‰2.0",,"184","éŸ³åœ°å¤§å¸","é¸èˆ‰,åª’é«”",,"https://hackpad.com/2.0--i94GDf4QxUf"
"g0v_db","å¤§é›»å¥‰é‚„ï¼šæ ¡åœ’ç¯€é›»å°ˆæ¡ˆ",,"514","å¤§å¨","èƒ½æº",,"https://goo.gl/pJkfUK"
"g0v_db","å¤©æ°£é¢¨éšªé–‹æ”¾è³‡æ–™",,"480","å½­å•Ÿæ˜","æ°£è±¡",,
"g0v_db","å¤ªé™½èŠ±ç›’å­",,"119","hbtsai","æ”¿æ²»",,"https://g0v.hackpad.com/Fr9H7GPcUM"
"g0v_db","å¤ªé™½èŠ±ç›’å­ä¹‹ ChromeCast",,"140","miaoski","ç›£ç£",,"https://github.com/miaoski/inLiveTwTextChrome"
"g0v_db","å¥½æ–°èé€£æ’­ç¶²",,"590","Eddie","åª’é«”",,"https://github.com/agameofprivacy/news-vj"
"g0v_db","å¦‚ä½•è¾¦ä¸€å ´å°æ¾å…±ç­† (feat. æªæ¾æœ‰å°æ¾å ´åœ°å–”)",,"602","Ronny","å¾…ç¢ºèª",,"https://g0v.hackmd.io/51qNkup-TRK8uTOhlAuKhg?both"
"g0v_db","å¦‚æœä½ æ˜¯è­°å“¡å€™é¸äºº",,"421","johnny","é¸èˆ‰",,
"g0v_db","å®¶ç”¨æ°´åµæ¢-ä¾†æºæ°´åº«åº«å®¹èˆ‡æ²³å·æ°´è³ªç›£çœ‹",,"504","ej04","å¾…ç¢ºèª",,"https://hackpad.tw/--jBgwNkPTdiW"
"g0v_db","å¯¦åƒ¹ç™»éŒ„ 2.0 & è‡ºç£å…¬å¯“å¤§å»ˆè³‡æ–™åº«",,"588","æ˜“æ¨“ç¶² - é„­æ·‘éº—","å»ºç¯‰",,"https://g0v.hackpad.tw/--Rxf1DaPMR6D"
"g0v_db","å¯¦åƒ¹ç™»é™¸ 2.0 å¤§æ¨“æˆ¿åƒ¹è³‡æ–™è¦–è¦ºåŒ–å»ºç½®",,"605","é„­æ·‘éº—","éƒ½å¸‚",,"https://g0v.hackpad.tw/e--Rxf1DaPMR6D"
"g0v_db","å¯µç‰©éœ€è¦æˆ‘",,"59","jslee","èªè¨€,æ–‡å…¸,è³‡æ–™åº«",,"https://github.com/jsleetw/petneed.me"
"g0v_db","å°å­¸æ ¡/Leve1up",,"97","poga","æ•™è‚²",,"http://g0v.tw/join.html"
"g0v_db","å°èœœèœ‚æˆ°é¬¥éšŠè¦†è“‹ç‡åœ°åœ–è¦–è¦ºåŒ–",,"131","kirstenliu","åª’é«”",,"https://g0v.hackpad.com/KOsFaCMi6u0"
"g0v_db","å°è¾²Xé»‘å®¢ = è¾²å®¢æ¾",,"338","Terix","è¾²æ¥­",,
"g0v_db","å±•è¦½æ¾",,"150","muyueh","g0v",,"https://g0v.hackpad.com/CGK7T9IuQIw"
"g0v_db","å³¶å¶¼å¤©å…‰å­¸æ½®å¯¦ç´€éŒ„",,"159,112","shuhua","ç´€éŒ„,æ”¿æ²»",,"http://hackfoldr.org/sunflowerDocumentary"
"g0v_db","å·¥å•†å¯¶(å…¬å¸è¨­ç«‹è¼”åŠ©å·¥å…·",,"434","Jeff","å·¥å…·",,"https://goo.gl/9FxooG"
"g0v_db","å·¥æ™‚ç´€éŒ„ä¸Šå€å¡Šéˆ (punch card on blockchain)",,"433","Yuren Ju","å‹å·¥",,"https://g0v.hackpad.tw/hqQGdzE8KJn"
"g0v_db","å¸‚è­°å“¡åœ¨å¹¹å˜›",,"479","fi","è­°æœƒ",,"https://hackmd.io/EYQw7ArGAMAmDGBaeAWAZtRKDMLMmAA4AmLCYFSAUxGhVhCA"
"g0v_db","å¸‚é•·ï¼Œçµ¦å•å—",,"107","soidid","é¸èˆ‰",,
"g0v_db","å¸¶ä½ èªè­˜G0V",,"127","Bropheus","g0v",,"http://hackfoldr.org/newtog0v/3aVX2qH7mK"
"g0v_db","å»¢æ–‡ç·¨ç¢¼å™¨",,"554","Ronny","å·¥å…·",,"https://g0v.hackmd.io/6lNfj-VeQYCW9dvKqG0SGQ"
"g0v_db","å»¢æ ¸é€£ç½²å¹³å°",,"120","ttcat","æ³•å¾‹",,"https://g0v.hackpad.com/v15A2Oaw5JF"
"g0v_db","å¼•å¾—å¸‚å¸‚ä»€éº¼ï¼Ÿ",,"540","é˜¿è‰¯äºº","å¾…ç¢ºèª",,"https://g0v.hackmd.io/0qjC-p3fRI-sToq8sd-l3w"
"g0v_db","å½±å­æ”¿åºœ",,"178","Arny","ç›£ç£",,"https://g0v.hackpad.com/39pf0Milpkz"
"g0v_db","å½±ç‰‡è²éŸ³æ–‡å­—åœ–ç‰‡æ•´ç†ç³»çµ±ï¼ï¼æ”¿åºœèˆ‡æ°‘çœ¾ç¤¾æœƒå°è©±é‚„åŸè£ç½®",,"389","Michael_LIï¼ˆVT System é–‹ç™¼åœ˜éšŠ ï¼‰","å·¥å…·",,"https://newshackathon.hackpad.com/vnXJ3yAaqdI"
"g0v_db","å½±ç‰‡é€å­—ç¨¿è‡ªå‹•åŒ– & æ•´ç†ç³»çµ±",,"532","Michael_LI","å·¥å…·",,"https://grants.g0v.tw/projects/587388cb8798fb001e7324de"
"g0v_db","å¾æ”¿åºœè³‡æºä¾†çœ‹å–®å´è½æ",,"545","é™³æƒ çª","ç¦åˆ©",,"https://www.facebook.com/photo.php?fbid=2622824874402278&set=a.517199194964867&type=3&theater"
"g0v_db","å¾©æ´»è€…è¯ç›Ÿ",,"508","tkirby","å¾…ç¢ºèª",,"https://makeweb.io/page/4eP+ut05os05zF0CaT04JuhtL"
"g0v_db","å¾µæ±‚ä½›ç³»è®€è€…",,"497","g0v.news","g0v,åª’é«”",,"https://bit.ly/digest0505"
"g0v_db","å¿ƒå®¶åœ’ï¼šè‡¨æ™‚ä½å®…èˆ‡æ°¸ä¹…å±‹è¦åŠƒè¨­è¨ˆè³‡æ–™åº«",,"237","chewei","éƒ½å¸‚",,"https://g0v.hackpad.com/jEoiuMS44dD"
"g0v_db","æ€§åˆ¥çµ±è¨ˆè³‡æ–™åº«",,"311","Tin","æ€§åˆ¥,è³‡æ–™åº«",,"https://g0v.hackpad.com/--I6TyKqNg0Yz"
"g0v_db","æƒ…å¢ƒç¶²é éŠæˆ²æ¡†æ¶",,"267","billy3321","å·¥å…·",,"https://g0v.hackpad.com/J84agQVmxG7"
"g0v_db","æ„›å°èª itaigi.tw",,"361","Hank","èªè¨€",,"https://g0v.hackpad.com/moed7ct-taigi-neologism#iTaigi-"
"g0v_db","æ†²å‹•ç›Ÿé‡ç”Ÿå®˜ç¶²/é‡ç”Ÿéƒ¨è½æ ¼",,"221","etblue","æ³•å¾‹",,"https://g0v.hackpad.com/-x--ZlxnPcG1xLm#:h=å°ˆæ¡ˆå ±å‘Š@2015/4/18-ç„¡æ®¼è¸ç‰›é»‘å®¢æ¾"
"g0v_db","æ†²æ”¹é™æ™‚æ‰¹",,"222","ipa","æ³•å¾‹",,"http://bit.ly/1CWo9at"
"g0v_db","æ†²é¤…äº’å‹•å°é‹ª",,"220","isabel","æ³•å¾‹",,"http://bit.ly/1Hi7BAf"
"g0v_db","æ†²é¤…å»šæˆ¿",,"205,186","isabel,ipa","æ³•å¾‹",,"http://hackfoldr.org/cckitchen"
"g0v_db","æ‡¶äººè—è¡“å®¶ x ç¶“æ¿Ÿæ°‘ä¸»é€£åˆ",,"292","ETBlue","è—è¡“",,"http://beta.hackfoldr.org/lazy-artist"
"g0v_db","æ‡¶äººè—è¡“å®¶",,"56","ETBlue","å¾…ç¢ºèª",,"http://hack.g0v.tw/g0v-hackath4n/aebl3KvR82s"
"g0v_db","æˆ‘ä¸é›£éï¼šå¥½å·¥ä½œè®“ä½ å¥½é–‹å¿ƒ",,"449","æ›¸æ‡·","å‹å‹•",,"https://g0v.hackpad.tw/sntyvcSjebZ"
"g0v_db","æˆ‘ä¹Ÿè¦é¸ç«‹å§” åŒ—æŠ•å£«æ—",,"584","ç‹éƒæš","é¸èˆ‰",,"https://hackmd.io/XYoD2mRTRD-FLq7EHTUVKw"
"g0v_db","æˆ‘å€‘çš„å³¶äºŒåå¹´è³‡æ–™åº«é—œéµå­—é‡‹å‡º",,"506","æ—ç‡•å¦‚","åª’é«”",,
"g0v_db","æˆ‘å€‘çš„è­°å“¡è³‡æ–™éœ€è¦æ›´çµæ§‹åŒ–ä¸€é»ï¼šWikidata è­°å“¡å¤§ç·¨è¼¯æ¾",,"610","Allen","å¾…ç¢ºèª",,"é»æ“ŠåŠ å…¥"
"g0v_db","æˆ‘å€‘éƒ½æ˜¯ææ˜å“²",,"442","Shen","ä¸­åœ‹,äººæ¬Š",,"https://hackmd.io/GYQwxmAmYgbAtMMBOApvALLAHAJntsMBvGAKywAM2a2YGylQA==="
"g0v_db","æˆ‘æ„›å®¶ãƒ»æˆ‘è§£æƒ‘ â€”â€” å¹³æ¬Šç¤¾æœƒå°è©±å·¥ç¨‹",,"531","æ¯”é„° on youtube","æ€§åˆ¥å¹³æ¬Š",,"https://g0v.hackmd.io/c/B1iHBvVPQ"
"g0v_db","æˆ‘çµ‚æ–¼ææ‡‚å¥åº·å­˜æ‘ºåœ¨å¹¹ä»€éº¼äº†ï¼Œä½†è³‡æ–™èƒ½æ‡‰ç”¨åœ¨iOSå¥åº·Appä¸Šé ­å—ï¼Ÿ",,"512","Bobby Tung","å¥åº·",,
"g0v_db","æˆ‘è¦é¸ç«‹å§”",,"570","Ronny","é¸èˆ‰,æ”¿æ²»",,"https://g0v.hackmd.io/_9meJ-_0TaWNRpu8XXO_SQ"
"g0v_db","æˆ°å¾Œè‡ºç£è¦åŠƒå²æ–™è³‡æ–™åº«",,"305","chewei","è³‡æ–™åº«",,"https://g0v.hackpad.com/-Taiwan-Spatial-Planning-Data-Base-Jk9DUGUvgla"
"g0v_db","æ‰“é“æ› 123 è­·å°ç£",,"115","Isabel","åœ‹æœƒ",,"123.g0v.today"
"g0v_db","æŠµåˆ¶å¥½æœ‹å‹ä¹‹å³åˆ»æ•‘æ´",,"198","èŒ¶æç‹","ç”Ÿæ´»",,"https://g0v.hackpad.com/KW83vzwiWhc"
"g0v_db","æ‹†å¾Œé‡å»ºï¼å»ºå¾Œæ’°å²",,"337","YuTin","æ–‡å­—",,"https://github.com/g0v/summit.g0v.tw/blob/2016/app/javascripts/components/SpeakerList/speakers.json"
"g0v_db","æ‹†è§£é–‹æ”¾è³‡æ–™å’¨è©¢å°çµ„",,"429","Ronny Wang","é–‹æ”¾æ”¿åºœ",,"https://g0v.hackpad.tw/rfTpW5sFjkj"
"g0v_db","æˆæ¬Šå°å¹«æ‰‹(=ï¾ŸÏ‰ï¾Ÿ)ï¾‰",,"250","moon_c (RSä»£)","æ³•å¾‹",,"https://g0v.hackpad.com/CC-Cp3CFHqbLcx"
"g0v_db","æ¨å‹•ã€Œæœªå©šå¥³æ€§æ¥å—äººå·¥ç”Ÿæ®–ã€åˆæ³•åŒ–",,"477","ballII","ç”Ÿè‚²",,"https://g0v.hackpad.tw/PxKqJGnlrEn"
"g0v_db","æ­éœ²22K",,"15","ET Wu","å‹å‹•",,"http://22kopendata.org"
"g0v_db","æ”¿å•†é—œä¿‚åœ–",,"196","Gilbert","æ”¿æ²»",,"https://g0v.hackpad.com/hxJBK9v7frt"
"g0v_db","æ”¿åºœå–®ä½é€šè¨ŠéŒ„",,"74","Superbil","é€šè¨ŠéŒ„",,"https://github.com/g0v/addressbook"
"g0v_db","æ”¿åºœæ¨™æ¡ˆåˆ†æ",,"11","tka","æ”¿åºœæ¡è³¼",,"https://hackpad.com/g0v.tw-%E6%94%BF%E5%BA%9C%E6%A8%99%E6%A1%88-0M0HW9tSVNQ"
"g0v_db","æ”¿åºœæ¨™æ¡ˆç³»çµ±åˆ†æ",,"6","tka,jeffhung","æ”¿åºœæ¡è³¼",,
"g0v_db","æ”¿åºœæ©Ÿé—œå›é¥‹å¹³å°",,"559","Eddie","å¾…ç¢ºèª",,"https://github.com/agameofprivacy/gov-feedback"
"g0v_db","æ”¿åºœç¶²ç«™é¡¯ç¤ºæ¨™æ¡ˆè³‡è¨Šå’Œæ‰¿åŒ…å» å•†",,"417","Ronny","æ”¿åºœæ¡è³¼",,"https://g0v.hackpad.com/a0wv4LdHpwx"
"g0v_db","æ”¿åºœè³‡è¨Šé ç®—å¤§é€è¦–",,"339","clkao","è²¡æ”¿",,"https://hackmd.io/EwMwDA7BCGAmIFoDGBOFwEBYDMBWDa0uCApttihAEYCMusYS0QA="
"g0v_db","æ”¿æ¬Šè½‰ç§»/æ”¿ç­–æ”¹è®Šå¾Œè¢«æ¶ˆå¤±çš„é‚£äº›è³‡æ–™",,"351","YK","é–‹æ”¾è³‡æ–™",,"https://g0v.hackpad.com/Untitled-qMqNgMJFxDu"
"g0v_db","æ”¿æ²»äººç‰©è¡Œç¨‹é›·é”æ¢æ¸¬",,"372","Yiping","æ”¿æ²»,ç›£ç£",,"https://hackpad.com/--h2uP0wXsaKy"
"g0v_db","æ”¿æ²»æ‰¿è«¾è¿½è¹¤ç¶² political promise tracker",,"244","MrOrz","ç›£ç£,æ”¿æ²»",,"beta.hackfoldr.org/ppt"
"g0v_db","æ”¿æ²»ç»é‡‘é–‹æ”¾",,"460","hc","é¸èˆ‰",,
"g0v_db","æ”¿çŸ¥é“äº†ï¼ˆæš«ï¼‰",,"288","dab","æ”¿æ²»,åª’é«”",,"https://docs.google.com/document/d/1laNG-OWmxtkRNW0v_-CEspsHiD58Ih-CimmTh4ddiQg/edit"
"g0v_db","æ•‘æ•‘è‡ºç£é¾œ/é‡ä¿æ³•",,"300","If","å‹•ç‰©,æ³•å¾‹",,"https://g0v.hackpad.com/tFDaeOtsSbU"
"g0v_db","æ•‘æ•‘è‡ºç£é¾œèˆ‡ç”Ÿæ…‹ç ”ç©¶è³‡è¨Šäº¤æµ",,"273","If","ç’°å¢ƒ",,"https://g0v.hackpad.com/tFDaeOtsSbU"
"g0v_db","æ•£è½åœ¨ä¸–ç•Œçš„åœ‹å®¶å¯¶è—",,"359","è•­A","å¾…ç¢ºèª",,"https://g0vus.hackpad.com/G0VNYC--LHg8jvQVJIj"
"g0v_db","æ•¸ä½è€ƒå¤:æœªä¾†æ­·å²å­¸",,"488","Ally","å¾…ç¢ºèª",,"https://g0v.hackpad.tw/zg2QPaKbWgP"
"g0v_db","æ–‡åŒ–éƒ¨æˆæ¬Šä¸­å¿ƒ",,"93","ETBlue","æ³•å¾‹",,"http://hack.g0v.tw/meta/LoscL87LD2a"
"g0v_db","æ–‡å­—ç·¨è¼¯æˆ°é¬¥åœ˜",,"465","tkirby","å¾…ç¢ºèª",,"https://g0v.hackpad.tw/g0v--KgJrTYXsd4b"
"g0v_db","æ–‡æœ¬åˆ†æå™¨ï¼ˆç”¨é­šéª¨åœ–è¨è«–äº‹æƒ…ï¼‰",,"324","Michael_LI","æ–°è",,"https://newshackathon.hackpad.com/2016-06-18g0v-Mrk4q9PMO40"
"g0v_db","æ–‡æ¡ˆé…é€ä¸­å¿ƒ",,"5","Kirsten","g0v",,
"g0v_db","æ–° g0v.tw å®˜ç¶²æ–‡å­—å…§å®¹æ•´ç†ï¼ˆèˆ‡g0v è€ƒå¤å€ï¼‰",,"581","å¤§åŠ©","g0v",,"https://g0v.hackmd.io/s/BJdh4XE-V"
"g0v_db","æ–°ä½æ°‘å…¥é¤¨ç¬¬ä¸€æ­¥ï¼šåšç‰©é¤¨å®˜ç¶²æ¯èªåŒ–",,"331","Moses","èªè¨€,æ–°ä½æ°‘",,"https://g0v.hackpad.com/pnSMhz0PLLa"
"g0v_db","æ–°åŒ—å¸‚è­°æœƒç›£ç£",,"397","Fi","è­°æœƒ",,"https://g0v.hackpad.com/aCejtHVw9dX"
"g0v_db","æ–°èå¾Œé¢ï¼è§€çœ¾ç•™è¨€çš„å­˜æª”ï¼ˆçˆ¬èŸ²æ©Ÿå™¨äººï¼‰",,"182","Michael_LI","æ–°è",,"https://www.flickr.com/photos/_michael_li_/sets/72157649825519072"
"g0v_db","æ–°èç³¾æ­£",,"86","lulalala","åª’é«”",,"http://news.1dv.tw"
"g0v_db","æ–°èè‡ªç”±çš„ç•Œé™ (feat. é„‰æ°‘çœ‹é›»è¦–)",,"572","ky","åª’é«”",,"http://vtw.link"
"g0v_db","æ–¹æ•è‹±å­—å…¸æ‹¼å­—ä¿®æ­£èª å¾µç¾©å·¥",,"246","miaoski","æ•™è‚²,èªè¨€",,"https://github.com/miaoski/amis-data"
"g0v_db","æœå‹™è²¿æ˜“å”å®šå—ç½åœ°åœ–",,"51","lijung","æ³•å¾‹",,"https://docs.google.com/file/d/0B-qcnEWFQQe3TWNDcnNMb21weUk/edit?usp=sharing"
"g0v_db","æœè²¿å°ˆé¡Œç¶²",,"125","Michael_LI","æ³•å¾‹",,"http://hack.g0v.tw/CSTACO"
"g0v_db","æœè²¿é–‹ç®±è",,"87","Wayneh","æ³•å¾‹,è¦–è¦ºåŒ–",,"https://g0v.hackpad.com/m0WRLUMCtoQ"
"g0v_db","æœ¨æè¿½è¿½è¿½ï¼Sarawak to Taiwan",,"175","chewei","ç’°å¢ƒ",,"https://g0v.hackpad.com/Sarawak-to-Taiwan-oqsXADzMrp8"
"g0v_db","æ¿æ©‹æ–°æ°‘è¡—å€å…¬æœ‰å®¿èˆç¾¤ / ç›¤é»ç¾¤çœ¾è¦åŠƒå·¥å…· / åŒ—å¸‚åºœå…¬æœ‰è³‡ç”¢ç¶²é ",,"463","chewei","å»ºç¯‰",,"https://goo.gl/p7KsVv"
"g0v_db","æ—å…‹å‚³èªª",,"90","gene","åª’é«”",,"http://link.que.tw"
"g0v_db","æ—å´”é¦¬å…‹",,"586","tmonk","ç¶“æ¿Ÿ",,
"g0v_db","æ ¸é›»ç¿»è­¯æ©Ÿ",,"101","è”¡é›…ç€…","èƒ½æº",,"https://g0v.hackpad.com/8sYMW30othK"
"g0v_db","æ¨£æ¿åŠ‡é€å­—ç¨¿è¨ˆç•«",,"439","mrorz","å¾…ç¢ºèª",,"https://hackmd.io/c/ry2TPHV9W/%2Fs%2FBkkpi4uqb"
"g0v_db","æ©Ÿå™¨å­¸ç¿’æ­§è¦–æ¡ˆä¾‹æ•´ç†å…¼æª¢é©—æ–¹æ³•é–’èŠ",,"423","hychen","å¾…ç¢ºèª",,"æ²’æœ‰äººï¼šå¾µæ±‚æŠ•å½±ç‰‡"
"g0v_db","æ­·å²ç½å®³ç…§ç‰‡å¤§å¹³å°",,"374","é™³æŒ¯å®‡","ç½å®³",,"https://g0v.hackpad.com/sDRTfSlK9rs"
"g0v_db","æ­·å²çš„åˆ»ç—•--è½‰å‹æ­£ç¾©è³‡æ–™åº«wikidataåŒ–è¨ˆç•«",,"646","Allen","å¾…ç¢ºèª",,"https://hackmd.io/qHrlTETiRhutzKwHD9ce8w"
"g0v_db","æ°£å€™é¸æˆ°",,"162","é™³è†ºå¸†","ç”Ÿæ…‹",,"https://g0v.hackpad.com/-Vote-for-Climate-4ac9ap7zhrn"
"g0v_db","æ²’æœ‰äººåœ¨ä¹çš„ã€Œå‡æ–°èå—å®³è€…ã€ã€€ï¼ã€€X åª’é«”è¨ˆåŠƒ",,"453","Michael_LI","åª’é«”",,"https://hackmd.io/CYTgLAjFBsAcC0BWAxrC8wDMAMZ4EMBTfAdg2mQCZhpNEBmEbYIA?view#"
"g0v_db","æ²’æœ‰äººçš„æ–°æ‰‹æ‘",,"534","å¤§åŠ©","g0v",,"https://g0v.hackmd.io/g0village"
"g0v_db","æ²’æœ‰äººçŸ¥é“ g0v å°ˆæ¡ˆæ€éº¼åšçš„",,"580","å°ç­","g0v",,"https://g0v.hackmd.io/whji1g-UROWEzCvylrb44Q"
"g0v_db","æ²’æœ‰äººçŸ¥é“- g0væ•¸ä½å…¸è—è¨ˆç•«",,"454","Peace","g0v",,"https://g0v.hackpad.tw/-g0v-Ep7lDkOWGZd"
"g0v_db","æ²’æœ‰äººé—œå¿ƒä¸»å©¦",,"573","Peace","æ€§åˆ¥",,
"g0v_db","æ²³åœ–-è·¨è­°é¡Œè³‡è¨Šæ•´åˆUI",,"251","ä¸‰","å·¥å…·",,"https://drive.google.com/open?id=0B9bDFHChjWyHRTliS0EwaVc2WXc&authuser=0"
"g0v_db","æ²³åœ–-è·¨è­°é¡Œè³‡è¨Šæ•´åˆä»‹é¢",,"265","3","å·¥å…·",,"http://aod.tw"
"g0v_db","æ²³åœ–è³‡è¨Šæ•´åˆUI ææ¡ˆ",,"233","ä¸‰","å·¥å…·",,"https://drive.google.com/open?id=0BxfjKRD3dE9nZnAyOVZ0aDJJbFU&authuser=0"
"g0v_db","æ³•ä»¤å‡½æ–‡æ˜“è®€å™¨",,"25","é˜¿ç©º","æ³•å¾‹",,"http://paste.plurk.com/show/998955"
"g0v_db","æ³•ä»¤æ˜“è®€å™¨",,"33","kong","æ³•å¾‹",,"https://g0v.hackpad.com/LawEasyRead-lYxzvhLiUYk"
"g0v_db","æ³¨éŸ³éŠæˆ²",,"63","Sam","èªè¨€",,"https://g0v.hackpad.com/8agrA6IIN33"
"g0v_db","æµ·å¸‚èœƒæ¨“",,"88","soidid","åœŸåœ°",,"https://g0v.hackpad.com/OSA1quw8kC0"
"g0v_db","æ¶ˆé˜²æ‰¾æ°´å°å¹«æ‰‹",,"613","gavin","å¾…ç¢ºèª",,"http://bit.ly/2ZPf2vh"
"g0v_db","æ¶ˆé˜²æ‰¾æ°´å°å¹«æ‰‹/ç„¡äººæ©Ÿç†±é»åœ°åœ–",,"629","gavin","å¾…ç¢ºèª",,"http://bit.ly/2RQT3E2"
"g0v_db","æ¸›å»¢é€£ç·š",,"548","æŸ³çŸè¯","å¾…ç¢ºèª",,"https://drive.google.com/file/d/17Dh6wMEZV7ULw2icga-Qg03ql3XDfOvK/view?usp=drivesdk"
"g0v_db","æº«æŸ”ç”Ÿç”¢è¨ˆåŠƒæ›¸ç”¢ç”Ÿå™¨",,"405","ipa","ç”Ÿè‚²",,"http://beta.hackfoldr.org/b1rth"
"g0v_db","ç½å®³è­°é¡Œç®¡ç†Hackfoldr",,"314","Fumi","ç½å®³,åœ°éœ‡",,"http://beta.hackfoldr.org/em"
"g0v_db","ç‚ºä»€éº¼ä½ é‚„åœ¨ g0v",,"520","Ronny","g0v",,"https://g0v.hackpad.tw/-g0v-...-ogyZjIUFekF"
"g0v_db","ç‚ºåŒ¯æµ N æ³•æ³¨å°„æ›´å¤š NNï¼é€šè¨Šå‚³æ’­åŒ¯æµä¿®æ³•",,"390","nchiild","åª’é«”",,"https://nninlaw.hackpad.com/dc"
"g0v_db","ç„¡å®¶è€…å°å¹«æ‰‹",,"491","ç›ˆå©•","è¡—å‹",,"https://paper.dropbox.com/doc/E41k6Q4XwXkU7F00CIL08?_tk=share_copylink"
"g0v_db","ç‰©ç¨®æ™‚ç©ºåˆ†å¸ƒè³‡æ–™-ä»¥è›¾ç‚ºä¾‹",,"20","hsuhong","ç”Ÿæ…‹",,"http://www.i35.club.tw/tw_moths"
"g0v_db","çŒ›ç¦½ FB",,"521","Ronny","å‹•ç‰©,æ³•å¾‹",,"https://g0v.hackpad.tw/8RnmdP7IFFH"
"g0v_db","çŠç‘šé«”æª¢åå¹´æ•¸æ“šæ€éº¼çœ‹",,"513","lulu","ç’°å¢ƒ",,"https://docs.google.com/document/d/152VmClLsG6PYIZdliEYNdEu-ZPTdcpKQwD52n6DfprI/edit"
"g0v_db","ç’°å¢ƒã€æ±¡æŸ“èˆ‡è³‡è¨Šä¹‹åœ°ç†å¥—ç–Š",,"200","å­«ç‘‹å­œ / xavier","ç’°å¢ƒ",,"https://g0v.hackpad.com/3IlRBxAKgVg"
"g0v_db","ç’°å¢ƒè³‡è¨Šå…¨çƒæ¨å‹•è¨ˆç•« Environmental Knights",,"255","formotse","ç’°å¢ƒ",,"https://g0v.hackpad.com/Environmental-Knights-YZtxPge4Xbq"
"g0v_db","ç”Ÿæ´»æ”¿æ²»çš„è³‡è¨Šç³»çµ±è¨ˆç•«",,"283","æŸç‘œ","æ”¿æ²»,ç”Ÿæ´»",,"https://hackpad.com/5ywvJjfdnZX"
"g0v_db","ç™¼æ–‡é™„ä¸Šåˆ¤æ±ºæ›¸é‹å‹•",,"236","ronny","æ³•å¾‹",,"https://g0v.hackpad.com/hQ12Bq8UQIq"
"g0v_db","ç™¼é›»æˆæœ¬è¨ˆç®—æ©Ÿ",,"46","Muyueh","èƒ½æº",,"https://www.facebook.com/EnergyComputer"
"g0v_db","ç™½è‰²ææ€–æ™‚ç©ºè³‡æ–™è¦–è¦ºåŒ–",,"399","Afa","è½‰å‹æ­£ç¾©",,"https://docs.google.com/document/d/1xFiVc7LNzMxhLAierzR_zA5CrrtOTF_MIrSg1vNQ5zM/edit?usp=sharing"
"g0v_db","ç›£ç£ç¶²è·¯æ–°èï¼ˆå°ç£åª’é«”è§€å¯Ÿæ•™è‚²åŸºé‡‘æœƒï¼‰",,"393","å°ç£åª’é«”è§€å¯Ÿæ•™è‚²åŸºé‡‘æœƒ","åª’é«”",,"https://newshackathon.hackpad.com/mrzzcKc795W"
"g0v_db","ç›´æ’­å°æ’­å°",,"117","ipa","åª’é«”",,"https://g0v.hackpad.com/VVlHNqKaQrC"
"g0v_db","çœ‹è¦‹æ€æ³• - å±¬æ–¼äººæ°‘çš„å¸æ³•è¦–è¦ºè³‡æ–™åº«",,"366","Y.D. Lin","æ³•å¾‹",,"https://g0v.hackpad.com/--LHL3rG6YM5F"
"g0v_db","çœ‹è¦‹æ€æ³•",,"448","YD","æ³•å¾‹",,"https://hackmd.io/s/HyROlhHeG"
"g0v_db","çœ‹è¦‹æ€æ³•: æˆ’è­·äººåŠ›--çŸ¯æ­£æ©Ÿé—œæ°¸é çš„ç—›",,"345","Y.D Lin","æ³•å¾‹,çŸ¯æ­£",,"å¾Œè£œ"
"g0v_db","çœ‹è¦‹æ€æ³•ï¼å¸æ³•æ”¹é©åœ‹æ˜¯æœƒè­°æœ€æ–°å‹•æ³",,"370","Y.D. Lin","æ³•å¾‹",,"https://justice.president.gov.tw"
"g0v_db","çœ‹è¦‹æ€æ³•ï¼šå±¬æ–¼äººæ°‘çš„è¦–è¦ºå¸æ³•è³‡æ–™åº«",,"327","Y.D Lin","æ³•å¾‹",,"é»‘å®¢æ¾å®Œç«‹é¦¬è£œä¸Š"
"g0v_db","çœ¾å¿—æˆåŸï¼šåŸºé€²ã€äººæœ¬ã€ç§‘å­¸çš„é–‹æ”¾å”åŒè­°è«–å¹³å°",,"257","chihao","æ–°è,åª’é«”",,"https://g0v.hackpad.com/jLVacJPjj5D"
"g0v_db","çŸ¥è­˜å”åŠ›å€¡è­°æ¨¡å¼",,"425","Saul Peng","çŸ¥è­˜",,"goo.gl/AQLqcN"
"g0v_db","ç¢©å£«è«–æ–‡ç ”ç©¶",,"240","timloo","çŸ¥è­˜",,"https://g0v.hackpad.com/EMBA-qlnlC8oRFCw"
"g0v_db","ç¤¾æœƒè­°é¡Œè¿½è¹¤ç¶²",,"31","chitsaou","åª’é«”",,
"g0v_db","ç¤¾æœƒè®Šé·å…¨è¨˜éŒ„ - è­°é¡Œè³‡æ–™é€£çµå°å¹«æ‰‹",,"306","æ—å®—å¼˜","çµ±è¨ˆ,ç¤¾æœƒ,ç´€éŒ„",,"https://g0v.hackpad.com/UssOWtAVda9"
"g0v_db","ç¤¾æ°‘é»¨å¹´é‡‘æ”¹é©æ”¿è¦‹è¦–è¦ºåŒ–",,"229","å»ºå¯°","æ”¿æ²»",,"https://g0v.hackpad.com/xG0V--FoQcVuzFAOX"
"g0v_db","ç¦åˆ©æœå°‹",,"24","blue","ç¦åˆ©",,"https://hackpad.com/Listening-%E8%81%BD%E9%9A%9C%E5%B0%88%E6%A1%88-86sC4t4wRxv"
"g0v_db","ç©ºæ±¡æª¢æ¸¬å•¦å•¦å•¦",,"249","miaoski","ç’°å¢ƒ",,"https://g0v.hackpad.com/IoT-DIY-B1xkj9fUqqH"
"g0v_db","ç©ºé›£äº‹ä»¶è¦–è¦ºåŒ–",,"197","Kirby","æ­·å²",,"https://g0v.hackpad.com/4o8ADZLQJfx"
"g0v_db","ç«‹å§”å’–é›»å–‚",,"326,315","Fumi","åœ‹æœƒ,è³‡æ–™åº«,æ”¿æ²»",,"https://g0v.hackpad.com/--t5nla4R4Dft"
"g0v_db","ç«‹å§”æŠ•ç¥¨æŒ‡å—ã€è­°å“¡æŠ•ç¥¨æŒ‡å—ã€å·¥æœƒç™¼èµ·æŒ‡å—",,"121","johnny","æ”¿æ²»",,"http://goo.gl/C6HIF"
"g0v_db","ç«‹å§”æŠ•ç¥¨æŒ‡å—ï¼æ˜“ç”¨æ€§æ¸¬è©¦",,"234","Yo Yo","é¸èˆ‰",,"https://g0v.hackpad.com/-Usability-test-yxrIYtdhyzF"
"g0v_db","ç«‹å¿—æ”¶ç¾…å…¨çƒçŸ¥è­˜ï¼Œæ©Ÿå™¨çœ‹å¾—æ‡‚çš„ç¶­åŸºç™¾ç§‘--Wikidata",,"597","Allen","çŸ¥è­˜",,"wikidata.org"
"g0v_db","ç«‹æ³•å§”å“¡æŠ•ç¥¨è¡Œç‚ºåˆ†æ",,"9","CK","åœ‹æœƒ",,"http://citypatterns.blogspot.tw/2013/01/blog-post.html"
"g0v_db","ç«‹æ³•é™¢ apiã€å…¬æ°‘å„ªå…ˆå¯©è­°æ³•æ¡ˆ",,"62","clkao","åœ‹æœƒ",,"http://hack.g0v.tw/g0v-ly"
"g0v_db","ç«‹æ³•é™¢ ivodä¸‹è¼‰ç¶²",,"219","Ly","æ³•å¾‹",,"https://g0v.hackpad.com/IVOD--bwKQ3P8bGMv"
"g0v_db","ç«‹æ³•é™¢å…¬å ±åˆ†æ",,"2","dryman,kanru","åœ‹æœƒ",,"https://github.com/g0v/dev/wiki/Project-TWLY"
"g0v_db","ç«‹æ³•é™¢çˆ¬èŸ²/ç™½è‰²ææ€–åˆ†äº«æœƒ/ç¸½çµ±ç›ƒé»‘å®¢æ¾",,"552","é›¨è’¼","å¾…ç¢ºèª",,"https://docs.google.com/presentation/d/1xawlpDCASsJog7IO56QGcIvom3OlE1-0uVGXTXnHz_A/edit"
"g0v_db","ç«‹æ³•é™¢ç›¸é—œ",,"19","clkao","åœ‹æœƒ",,
"g0v_db","ç«‹æ³•é™¢ç«‹å§”",,"36","johnny","åœ‹æœƒ",,"http://twly.herokuapp.com"
"g0v_db","ç«‹æ³•é™¢è¨‚é–±å™¨",,"10","jimmy","åœ‹æœƒ",,
"g0v_db","ç«‹æ³•é™¢é–‹æ”¾è³‡æ–™å¹³å°7å€é€Ÿå‹•èƒ½æ¨æ˜‡æ–¹æ¡ˆ",,"110","pm5","åœ‹æœƒ",,"https://g0v.hackpad.com/Sjnb19uV8od"
"g0v_db","ç«‹æ³•é™¢é¢¨é›²æ¦œ",,"64","Lee/Mike","åœ‹æœƒ",,"http://hack.g0v.tw/g0v-ly-persondep/sVOmEE2o0v0"
"g0v_db","ç«‹é™¢å°ˆæ¡ˆ update",,"21","clkao","åœ‹æœƒ",,
"g0v_db","ç«‹é™¢çœ‹é–€ç‹—",,"49","sweslo","åœ‹æœƒ",,"https://g0v.hackpad.com/r7bWv19xZYE"
"g0v_db","ç«™è² - æ°‘æ„ä»£è¡¨çš„è©•åƒ¹å¹³å°",,"291","ç‹ä¿¡å‡± Sky","æ”¿æ²»,æ°‘æ„",,"https://g0v.hackpad.com/m4tGX88GT8X"
"g0v_db","ç¬¬ä¸€æ¬¡åƒèˆ‡å¼é ç®—å°±è‹¦æ‰‹-èˆŠèŠèŒ¶é»ç‡ƒè¨ˆç•«",,"358","å‰å°¼åŸº","æ°‘ä¸»åƒèˆ‡,è²¡æ”¿",,"http://ngdo.gov.taipei/public/Attachment/67251713036.pdf"
"g0v_db","ç¬¬äº”åº§æ ¸èƒ½ç™¼é›»å» ",,"29","Muyueh","èƒ½æº",,"https://docs.google.com/folder/d/0B00j8_vTJFGUdmJKT0NsS2lHbHc/edit?docId=1lVyVUdEZz6VFqSpE6fvOzmlayP0nlSpjl88qUvxCmMI"
"g0v_db","ç¬¬äº”æ¬Šé›»è¦–ç‰†ç›£çœ‹ã€Œè©•ã€å°G8V.tv",,"146","NewCliCker","åª’é«”",,"http://hackfoldr.org/G8VTV/http%253A%252F%252Fi.imgur.com%252F2napF5z.jpg"
"g0v_db","ç¬¬äº”æ¬Šé›»è¦–ç‰†ç›£çœ‹ã€Œè©•ã€å°g8v.tv",,"122","NewCliCker","åª’é«”",,"https://g0v.hackpad.com/g8v.tv-lkpamtKwyr"
"g0v_db","ç¬¬é›¶å‹¢åŠ›ï¼šé—Œå°¾é˜»é»¨",,"231","å°åŒ—æ—å…ˆç”Ÿ","åœ‹æœƒ",,
"g0v_db","ç¬¬é›¶æ¬¡è¨­è¨ˆæ¾ç±Œå‚™",,"181","å­é¾","g0v",,"https://g0v.hackpad.com/0qqoIcDMCLJ"
"g0v_db","ç®—æ¨¹è¨ˆç•« Evaluate the Opportunity of Planting Trees in Your Country ğŸŒ³ğŸŒ³ğŸŒ³",,"626","chewei","å¾…ç¢ºèª",,"https://www.facebook.com/groups/573697330058183"
"g0v_db","ç¶­åŸºç™¾ç§‘çš„é å±±ä½ ä¹Ÿå¯ä»¥ç”¨ï¼Œä»€éº¼éƒ½æ”¶çš„wikidata",,"579","Allen","å¾…ç¢ºèª",,
"g0v_db","ç·šä¸Šæ„è¦‹æ•´ç†å·¥å…·ã€ç·šä¸Šç¤¾ç¾¤åƒèˆ‡æ”¿ç­–æ‰‹å†Š",,"476","sense.tw","å¾…ç¢ºèª",,"https://docs.google.com/presentation/d/1mHMtkId9kWDnVgszQVbYxfx4wCJnLXryJ6eIRMnx_CE/edit#slide=id.g2f95f3a2fb_0_10"
"g0v_db","ç¸½çµ±ç›ƒé»‘å®¢æ¾å¹³æ–¹æŠ•ç¥¨æ³•Open Source",,"582","é›¨è’¼","å·¥å…·",,
"g0v_db","ç¾©å‹™å¾‹å¸«é™ªåµå¹³å°",,"155","Miffy","æ³•å¾‹",,"https://g0v.hackpad.com/h6fOoDAd9qZ"
"g0v_db","ç¿»è½‰æ®–æ°‘ä¹‹çœ¼ï¼šå°ç£æ”å½±å¤ç±æ•¸ä½åŒ–",,"577","é˜¿å®š","æ­·å²",,"https://hackmd.io/O-JSzUuLRGK7KAa3kbQSBA?both"
"g0v_db","è¯ç™¼ç§‘æŠ€ã€Œæ™ºåœ¨å®¶é„‰ã€ç¤¾æœƒå‰µæ–°ç™¾è¬çé‡‘ç«¶è³½æ¨å‘",,"503","Macpaul","å¾…ç¢ºèª",,"https://goo.gl/yNei1k"
"g0v_db","è¯çµ¡äºº",,"85","Superbil","é€šè¨ŠéŒ„",,"https://github.com/g0v/addressbook"
"g0v_db","è½éšœè€…ç¦åˆ©åˆ†æ",,"12","Blue Chen","ç¦åˆ©",,
"g0v_db","èƒ½æºåæŠ—è»the Power Within",,"195","ä¸€äººä¸€åƒç“¦","ç’°å¢ƒ,èƒ½æº",,
"g0v_db","è‡ªä¸»ç”Ÿç”¢è¨ˆåŠƒæ›¸ç”¢ç”Ÿå™¨",,"254","ipa","å…’å°‘",,"http://beta.hackfoldr.org/b1rth"
"g0v_db","è‡ªå·±emojiè‡ªå·±é€ ä¹‹äºŒ",,"487","chihao","è—è¡“",,"https://g0v.hackpad.tw/make-taiwan-emoji"
"g0v_db","è‡ªå·±çš„Emojiè‡ªå·±é€ ",,"298","Bobby Tung","è—è¡“,å·¥å…·",,"https://g0v.hackpad.com/Emoji-YPkxkHyGz97"
"g0v_db","è‡ªå·±çš„å…¬åœ’è‡ªå·±é¡§ï¼šå…¬åœ’åœ°åœ–+ç‰¹å…¬ç›Ÿæ™‚é–“è»¸",,"332","Christine Lee","åœŸåœ°,æ°‘ä¸»åƒèˆ‡",,"https://g0v.hackpad.com/--5mr6LvvVLva"
"g0v_db","è‡ªå·±çš„æ–‡å­—è‡ªå·±ç©¶",,"163","nchild","èªè¨€",,"https://g0v.hackpad.com/j7PqE3IBJFG"
"g0v_db","è‡ªå·±çš„æ´»å‹•è‡ªå·±æ‹",,"135","tkirby","ç´€éŒ„",,"http://g0v.photos"
"g0v_db","è‡ªå·±çš„é¸å€è‡ªå·±ç•«",,"218","clkao","é¸èˆ‰",,"https://ckitchen.hackpad.com/1XXUB9gMNul"
"g0v_db","è‡ªå·±çš„é£›å®‰ï¼Œè‡ªå·±æ•‘",,"334","gavin","äº¤é€š",,"https://g0v.hackpad.com/NacE7VPcPVx"
"g0v_db","è‡ªç¶“å€æ­£åæ„è¦‹æ¯”è¼ƒè¡¨",,"142","MrOrz","æ³•å¾‹",,"https://g0v.hackpad.com/iTm0MWa9h4s"
"g0v_db","è‡ºåŒ—å¸‚å…¬æœ‰éå…¬ç”¨å»ºç‰©åœŸåœ°è³‡æ–™åœ°åœ–å±•ç¤º",,"395","ç‹å¯¶è±","åœŸåœ°",,"http://beta.hackfoldr.org/1QJCYYYBr3rbkvYuVbDXW7V3mcyDmGb1wB-P-GkBe-7o"
"g0v_db","è‡ºç£å¥½æ¤åœ° Patch by Planting ğŸŒ³ğŸŒ³ğŸŒ³",,"647","chewei","å¾…ç¢ºèª",,"http://bit.ly/tree-taiwan"
"g0v_db","è‡ºç£åª è²2.0ï¼šæ¯èªèªéŸ³åˆæˆå†åˆ©ç”¨",,"403","SÃ®ng-hÃ´ng","èªè¨€",,"https://g0v.hackpad.com/2.0-iVckawDYITB"
"g0v_db","è‡ºç£ç™¾æ™¯æ¶ˆé€",,"363","é»ƒéƒä»","å¾…ç¢ºèª",,"https://g0v.hackpad.com/MybKptjGvDL"
"g0v_db","èœåƒ¹",,"105","muyueh","è¾²æ¥­",,"http://muyueh.com/30/veggieprice/ggplot2"
"g0v_db","èŒå…¸",,"68,58","au","èªè¨€,æ–‡å…¸,è³‡æ–™åº«",,"http://hack.g0v.tw/g0v-hackath5n/tDx3D5FZya5"
"g0v_db","è–ªè³‡èˆ‡ç§Ÿå±‹å±…ä½å“è³ªé—œè¯èª¿æŸ¥",,"484","Su-su","å±…ä½",,"https://g0v.hackpad.tw/hZwt2iPr78w"
"g0v_db","èšŠå­é¤¨åœ°åœ–",,"201,103","å³é•·é‹¼","åœŸåœ°,ç”Ÿæ´»",,"http://wuchangkang.blogspot.tw/2014/01/app.html"
"g0v_db","èœ‚è­¦å€åœ°åœ–",,"628","deeper","å¾…ç¢ºèª",,"https://hackmd.io/cAGcqbo6SIeyoDAZqgaKzQ"
"g0v_db","è¡Œå‹•è­°é¡ŒåŒ…",,"519","Eddie","å…¬æ°‘åƒèˆ‡",,"https://github.com/agameofprivacy/Movables-iOS"
"g0v_db","è¡Œæ”¿é™¢ç™¼è¨€é‚„åŸ",,"92","james","æ”¿æ²»",,
"g0v_db","è¦ä¿®æ†²äº†å—ï¼Ÿg0v å®£è¨€ä¿®è¨‚è¨è«–",,"619","isabel","g0v",,"https://g0v.hackmd.io/x-ngci7LQ1-UrAFKL5FLAQ"
"g0v_db","èªè¨€ã€æœ¬é«”è³‡æºèˆ‡çŸ¥è­˜é–‹æ”¾è¨ˆç•«",,"214","Mark Chang,Simon","èªè¨€",,"http://lopen.linguistics.ntu.edu.tw/about.html"
"g0v_db","èª å¾µä¸€æ—¥è³‡æ–™ç”³è«‹å°å¹«æ‰‹ ^^",,"595","æ·‘è²","é–‹æ”¾è³‡æ–™",,"https://ppt.cc/fBROjx"
"g0v_db","è«–å…¬ç­–",,"424","èŠ¥è—èœ","æ”¿ç­–",,"https://drive.google.com/open?id=0B2N1kfWfJEVadWNIMGZnamNtakE"
"g0v_db","è­°å“¡æŠ•ç¥¨æŒ‡å— - é€ç´…åŒ…      è¢‹",,"471","johnny","é¸èˆ‰,è²ªæ±™",,"https://www.facebook.com/events/798602507005190"
"g0v_db","è²¡æ”¿æ˜è¿·æŒ‡æ•¸",,"151","Peggy Chen","æ”¿æ²»,è²¡æ”¿",,"https://g0v.hackpad.com/--ZRG6X2A0fWA"
"g0v_db","è²ªæ±™æŸ¥è©¢ç¶²ç«™",,"177,157","å³é•·é‹¼","æ”¿æ²»,ç›£ç£,è²ªæ±™",,"https://g0v.hackpad.com/--OoaenzjVDKK"
"g0v_db","è³‡æ–™æ–°èç”¢ç”Ÿå™¨",,"302","poga","åª’é«”",,"https://g0v.hackpad.com/SfuUIP4TA80"
"g0v_db","è³½è±¬å…¬...ä¸Šå¤ªç©ºï¼",,"225","jimmy(huang)","ç’°å¢ƒ",,"http://nspo.g0v.tw"
"g0v_db","è¶…ç°¡å–®çš„ç„¡äººæ©Ÿç®¡ç†",,"411","gavin","å¾…ç¢ºèª",,
"g0v_db","è¶…è¾²åŸŸ",,"144,124,100","simonpai,a0kman","è¾²æ¥­",,"http://hack.g0v.tw/agriculture/8Hlh2hux8xg"
"g0v_db","è¶…è¾²åŸŸ-é†«è¾²&Stage 2",,"282","a0kman","è¾²æ¥­,åœ°åœ–,ç–«æƒ…",,"http://hackfoldr.org/agriculture/dz2qc0E8i0T"
"g0v_db","è·¨å‡ºåŒæº«å±¤ï¼å…ˆå¾è¼ƒä½å°ç«‹çš„æ–°èè­°é¡Œé–‹å§‹è¨è«–",,"535","ronny","å¾…ç¢ºèª",,"https://g0v.hackpad.tw/LaMs5uWUwb1"
"g0v_db","è·¨æµ·å³½ä¼æ¥­ç’°å¢ƒè¡¨ç¾è³‡è¨Šæ­éœ²èˆ‡æ°‘é–“ç›£ç£",,"245","æ´ªç”³ç¿°","ç›£ç£",,"ç”Ÿç”¢ä¸­"
"g0v_db","è¸å‡ºåŒæº«å±¤ï¼Œä¸­ç«‹è³‡è¨Šå¹³å°",,"644","Eli","å¾…ç¢ºèª",,"googleæ–‡ä»¶"
"g0v_db","è¼»å°„åœ°åœ–",,"171","æ—æ€¡","ç’°å¢ƒ",,"https://g0v.hackpad.com/91ZImrFjGvx"
"g0v_db","è¼»å°„åœ°åœ–APP",,"183,143,102","æ°æ°,Shihta,é›ç±³","åœ°åœ–,å·¥å…·,ç½å®³,èƒ½æº",,"https://g0v.hackpad.com/91ZImrFjGvx"
"g0v_db","è¾²å¤«å°å¹«æ‰‹",,"517","å¹¸å»¶","ç”Ÿæ…‹,è¾²æ¥­",,"https://hackmd.io/MqHL7ifzTamtn49SmNLn0w"
"g0v_db","è¾²æ¥­å‰µæ–°é»‘å®¢æ¾",,"464","Patt","è¾²æ¥­",,
"g0v_db","è¿‘æœŸæˆæœå ±å‘Šï¼ˆï¼Ÿï¼‰",,"317","é›¨è’¼","å¾…ç¢ºèª",,"æœ‰é»é›œ"
"g0v_db","é€†æ»²é€ - é–‹æ”¾è³‡æ–™ç ”ç©¶ç¤¾",,"278","Macpaul/Mindos","é–‹æ”¾è³‡æ–™",,
"g0v_db","é€æ˜è¶³è·¡APPè£½ä½œå°ˆæ¡ˆ-æƒæ¢ç¢¼å‡ºå¥‡è¹Ÿ Scan barcode for more info",,"627","Qian-Yong","å¾…ç¢ºèª",,"https://g0v.hackpad.tw/APP-s7P511tvUpk g0v Slack #thaubingapp"
"g0v_db","é€™å€‹ç¤¾æœƒçš„æ–°èæ¨£è²Œï¼šä»¥å…«ä»™å¡µçˆ†æ„å¤–ç‚ºèµ·é»",,"261","Michael_LI","æ–°è,åª’é«”,ç½å®³",,"https://drive.google.com/folderview?id=0B6ASgY1GMSOhfmdnbVlKMlNadjBfb3NPMnhGNkl5dUlQMnBMRnRxZk9henh6U0Rab0lJX3c&usp=sharing"
"g0v_db","é€šå‹¤è‡ªè¡Œè»Šé“å½±ç‰‡å¹³å°",,"301","ç†æŸ¥","ç´€éŒ„",,"https://g0v.hackpad.com/acE04QoED4q"
"g0v_db","é€£å„‚ç‰†ä¹‹å¤–ï¼Œæˆ‘å€‘é‚„èƒ½æ€éº¼æ’é¦™æ¸¯ï¼Ÿ",,"618","chihao","å¾…ç¢ºèª",,"https://g0v.hackmd.io/4c9p3fRcRNeSerSFxW8xIA"
"g0v_db","é€£çºŒå‘ (å¾…æ•´ç†ï¼‰",,"116","clkao","å¾…ç¢ºèª",,
"g0v_db","é€£çºŒéŒ„å½±æ•¸åå°æ–°èé »é“ï¼Œç›£ç£é¸èˆ‰å‡è³‡è¨Šå‚³æ’­ï¼ç´…è‰²åª’é«”ï¼Œè³‡è¨Šæˆ°ï¼Œå‡æ–°è",,"607","Michael_LI","å¾…ç¢ºèª",,"https://hackmd.io/@MichaelLI/SywGOzlIH"
"g0v_db","é‹è¼¸ï¼å…±äº«",,"483","å˜‰è±ª(Kahou)","äº¤é€š",,
"g0v_db","é‹é€ä¾›éœ€åª’åˆç³»çµ±",,"28","David","äº¤é€š",,"http://zh.scribd.com/doc/131353017/gn-M424559"
"g0v_db","é•å»ºé¡å‹çµ±è¨ˆåŠè¦–è¦ºåŒ–",,"603","æ—ç©å­Ÿ","éƒ½å¸‚",,"https://hackmd.io/@hsiaoa/rksxNtlIS/edit"
"g0v_db","é•ç« å·¥å» èˆ‰å ±ç³»çµ±",,"614,600","å°æµ·","è¾²æ¥­,å·¥æ¥­,åœŸåœ°","Disfactory/Disfactory","https://drive.google.com/file/d/1MB3xjIwZd8NbgH39ax6ojsy76HjaN6Rh/view?usp=sharing"
"g0v_db","é¸å‰å¤§è£œå¸–",,"621","bruce","å¾…ç¢ºèª",,"g0v slack #2020voting-guide"
"g0v_db","é¸å€è¦–è¦ºåŒ–,ly.g0v.tw website",,"23","kirby","é¸èˆ‰",,"https://github.com/clkao/TWVoteData/blob/master/mly/8"
"g0v_db","é¸æœé€æ˜åŒ–",,"564","HY Hsu / SSivart","é¸èˆ‰",,"https://github.com/FroggyTaipei/froggy-service"
"g0v_db","é¸ç¥¨æˆä»½åˆ†æupdate",,"22","Bater","é¸èˆ‰",,
"g0v_db","é¸ç¥¨èˆ‡ä»£è­°å£«",,"111","Kai","é¸èˆ‰",,
"g0v_db","é¸èˆ‰åª’é«”ç´€éŒ„",,"269","ytsu","é¸èˆ‰",,"https://g0v.hackpad.com/--tCSj9sN15ZI"
"g0v_db","é¸èˆ‰æ”¯å‡ºå›å ±ç³»çµ±",,"268","ytsu","é¸èˆ‰",,"https://g0v.hackpad.com/--E9X1LqXJZz9"
"g0v_db","éƒ½å¸‚æ›´æ–°å¤©çœ¼é€š",,"440","è¨±å®ˆå‚‘","å¾…ç¢ºèª",,
"g0v_db","éƒ½å¸‚è¨ˆç•«é€æ˜åŒ–",,"189","ç†æŸ¥ (monaludao)","éƒ½å¸‚",,"https://g0v.hackpad.com/f3z18AeU2uH"
"g0v_db","éƒ½å¸‚è¾²è€•ç¶²",,"209","chewei","è¾²æ¥­",,"http://hackfoldr.org/Taipei-Urban-Agri"
"g0v_db","é„‰æ°‘ç†±ç·šï¼æä¾›è³‡æ–™æ‹¼åœ–ï¼ˆæš«åï¼‰",,"70","Michael LI","å¾…ç¢ºèª",,"https://g0v.hackpad.com/pKTonmfaVVd#è¨ˆç•«æ›¸é¦¬é¦¬è™è™ï¼Œä½†æ˜¯æ¬ ç¼ºå¸¶å°ˆæ¡ˆç¶“é©—åªæ€•é ˜å°åŠ›ä¸å¤ "
"g0v_db","é„‰æ°‘çœ‹é›»è¦–",,"571","chihaoï¼ˆä»£ï¼‰","åª’é«”",,"https://www.youtube.com/watch?v=McIkusSFtjI"
"g0v_db","é„‰æ°‘è«–æ”¿è¦‹ Political proposal & promise",,"622","shawn","å¾…ç¢ºèª",,"g0v slack #tainan"
"g0v_db","é„‰æ°‘é—œå¿ƒä½  - ç¤¾æœƒè­°é¡Œè¿½è¹¤åˆ†æç³»çµ±",,"53","hychen","åª’é«”",,"hack.g0v.tw/kuansim"
"g0v_db","é„‰æ°‘é—œå¿ƒä½ ",,"69,34","hychen","è­°é¡Œ,åª’é«”",,"hack.g0v.tw/kuansim"
"g0v_db","é„‰æ°‘é¢¨æ°´å¸«",,"388,367,400","å³æ”¿ç’‹,å°ç’‹ä¸¸","å»ºç¯‰,å‹å‹•",,"https://g0v.hackpad.com/-0.1.0-for-Android-0zZtHOsh7DJ"
"g0v_db","é†«è¾²",,"248","a0kman","è¾²æ¥­",,"é¦¬å…‹é˜¿å©†ç”Ÿç”¢ä¸­"
"g0v_db","é‡‘æµç™¾ç§‘-è­°å“¡è²¡ç”¢ç”³å ±ä¿®æ³•æ­·ç¨‹èˆ‡å°ˆæ¡ˆé€²åº¦",,"569","ç”°","è­°æœƒ",,
"g0v_db","é‡‘æµç™¾ç§‘/æ”¿æ²»ç»é‡‘3.0",,"604","ç”°","å¾…ç¢ºèª",,"https://g0v-money-flow.github.io/candidates/12"
"g0v_db","é–‹æ”¾ e æ¨“ç¶² - å°ç£å…¬å¯“å¤§å»ˆè³‡æ–™åº« & é–‹æ”¾ API",,"538","æ˜“æ¨“ç¶²","å»ºç¯‰",,"https://g0v.hackpad.tw/--Rxf1DaPMR6D"
"g0v_db","é–‹æ”¾åƒèˆ‡å¥½æœ‹å‹",,"456","chihao","g0v",,"https://g0v.hackpad.tw/SwMzsJHYror"
"g0v_db","é–‹æ”¾åª’é«”",,"167","éŸ³åœ°å¤§å¸","åª’é«”",,
"g0v_db","é–‹æ”¾æ”¿åºœå ±å‘Š - è³‡æ–™é›†ç›¤é»",,"404,384","Mg Lee","é–‹æ”¾æ”¿åºœ",,"https://g0v.hackpad.com/--8fxOWuoTDrl"
"g0v_db","é–‹æ”¾æ”¿åºœæ˜¯ä»€éº¼ï¼Ÿèƒ½åƒå—ï¼Ÿ",,"376","Mg Lee","é–‹æ”¾æ”¿åºœ",,
"g0v_db","é–‹æ”¾æ”¿åºœè³‡æ–™æˆæ¬Šæ¢æ¬¾-æ°‘é–“å»ºè­°ç‰ˆ",,"190","å—æ¸¯æ—å…ˆç”Ÿ","æ³•å¾‹",,"https://g0v.hackpad.com/Taiwan_open_government_data_license_citizens_community_version"
"g0v_db","é–‹æ”¾æ”¿æ²»ç»é‡‘",,"148,114","venev,Ronny","æ”¿æ²»",,"https://g0v.hackpad.com/-at-hackath9n-Luax4CXQgio"
"g0v_db","é–‹æ”¾ç§Ÿå±‹ä¹‹ä¸ä½é ‚åŠ æœ‰å¤šé›£ï¼Ÿ",,"502","ddio","å±…ä½",,"https://g0v.hackpad.tw/Ih7Jp4pUD5y"
"g0v_db","é–‹æ”¾è—¥å…¸",,"180","è“®éœ§+èƒ–èƒ–","çŸ¥è­˜,æ–‡å…¸",,"https://hackpad.com/--qNuCNFrcwnm"
"g0v_db","é–‹æ”¾è³‡æ–™ landing page ç”¢ç”Ÿå™¨",,"296","poga","å·¥å…·",,"https://g0v.hackpad.com/-landing-page-SfuUIP4TA80"
"g0v_db","é–‹æ”¾è³‡æ–™csvç”¢ç”Ÿå™¨",,"308","Arshain","å·¥å…·",,"https://g0v.hackpad.com/-Excel-.csv--vDLLZbbikXF"
"g0v_db","é–‹æ”¾è³‡æ–™å­¸è¡“å•å·ç™¼æ”¾",,"336","liang","é–‹æ”¾æ–‡åŒ–",,"http://www.surveygizmo.com/s3/2865978/FB"
"g0v_db","é–‹æ”¾éƒ½å¸‚-å§”å“¡æœƒæœƒè­°è¨˜éŒ„è³‡æ–™åº«",,"284","ç†æŸ¥","è³‡æ–™åº«",,"https://g0v.hackpad.com/--BpW2Xt7s8AH"
"g0v_db","é–‹æ”¾éƒ½å¸‚è¨ˆç•« - API + å‰ç«¯è¨­è¨ˆ",,"412","ç†æŸ¥","åœŸåœ°,éƒ½å¸‚è¨ˆåŠƒ",,"https://g0v.hackpad.com/-API-QHArc116FJR"
"g0v_db","é–‹æ”¾éƒ½å¸‚è¨ˆç•«",,"213","ç†æŸ¥","éƒ½å¸‚",,"https://g0v.hackpad.com/f3z18AeU2uH"
"g0v_db","é–‹æ”¾éƒ½å¸‚è¨ˆç•«-å—æ¸¯å€éƒ½å¸‚è¨ˆç•«é€šç›¤æª¢è¨",,"354","chewei","åœŸåœ°,å»ºç¯‰",,"https://g0v.hackpad.com/--hzxdTtdG3QU"
"g0v_db","é–‹æ”¾éƒ½å¸‚è¨ˆç•«:å§”å“¡æœƒæœƒè­°ç´€éŒ„",,"243","ç†æŸ¥","åœŸåœ°",,"https://g0v.hackpad.com/--BpW2Xt7s8AH"
"g0v_db","é–‹æ”¾é£Ÿåº«ä¹‹æœ‰7-11çœŸå¥½",,"173","georgelin","å‰©é£Ÿ",,"https://github.com/georgelin422/FoodScanner"
"g0v_db","é–‹æºè—è¡“ç¤ºç¯„å€",,"94","ETBlue","è—è¡“",,"http://hack.g0v.tw/meta/1qDnOBaoztH"
"g0v_db","é—œå» å·¥äººåœ°åœ–",,"61","ipa","åœ°åœ–",,
"g0v_db","é˜¿å¬¤çš„é›œç´°è»Š",,"129","å³æ˜“è“","åœŸåœ°",,"https://www.facebook.com/FlipFlopTheatre?fref=ts"
"g0v_db","é˜¿ç¾èªèŒå…¸(O citing no AMIS)",,"435","å°èŸ¹","æ–‡å…¸,èªè¨€,å·¥å…·",,"https://amis.moedict.tw"
"g0v_db","é˜¿ç¾èªèŒå…¸2015å¹´",,"208","miaoski","èªè¨€",,
"g0v_db","é›¨é‚„æ²’åœ - å­—å¹•çµ„èˆ‡å…¬è¦–è¾²å ´",,"179","YuTin","åª’é«”",,
"g0v_db","é›¶å‚³åª’",,"96","tkirby","åª’é«”",,"https://g0v.hackpad.com/-0media-B3tCT7FmOVq"
"g0v_db","é›¶æ™‚æª”æ¡ˆå±€ 0archive",,"632","[FtO] pm5,wenyi","å¾…ç¢ºèª","disinfoRG/0archive.tw","g0v Slack #disinfo"
"g0v_db","é›¶æ™‚é€šé—œ",,"57","ETBlue","g0v",,"http://hack.g0v.tw/g0v-hackath4n/AidRZhn8kzP"
"g0v_db","é›¶é£Ÿå„²å‚™è¨ˆç•«",,"161","lololol","æ”¿æ²»",,"https://g0v.hackpad.com/U4G8f2H9ttF"
"g0v_db","é›»åŠ›",,"352","Muyueh","èƒ½æº",,
"g0v_db","é›»åŠ›çš„çœŸå¯¦æˆæœ¬",,"375","Szu","èƒ½æº",,"tbd"
"g0v_db","é é˜²ç™»å±±è¿·é€”- æ‰‹æ©Ÿè¼”åŠ©ç™»å±±",,"392","Timothy Kuo (æ‘©è¥¿)","å·¥å…·",,"https://docs.google.com/presentation/d/1CMEyRlHonYF8siZxnoXJi49FV5hYnBxYIXs0e2X9iFs/edit?usp=sharing"
"g0v_db","é¡§è†è“‹çš„æ·é‹ç§»å‹•æŒ‡å— ãŠ™",,"238","chewei","äº¤é€š",,"https://g0v.hackpad.com/--UtFnSw1N82s"
"g0v_db","é£Ÿç”¨æ²¹æ¸¬è©¦",,"149","muyueh","è¾²æ¥­",,"http://hack.g0v.tw/g0v-hackath8n/sFjxTpfze7i"
"g0v_db","é£²æ°´æ€æºï¼å‡è¨Šæ¯å¾å“ªä¾†ï¼",,"544","ROCK","äº‹å¯¦æŸ¥æ ¸",,"https://hackmd.io/exk-xSfRSamzw9oRglWS-g?view"
"g0v_db","é¤æ¡Œä¸Šçš„é•ç« å·¥å» ",,"505","å¼µæ·‘è²","è¾²æ¥­,å·¥æ¥­,åœŸåœ°",,"https://hackpad.tw/aydKwNKL7Ab"
"g0v_db","é¦™åŸ Online Open Data Portal & Aggregator",,"637","[FtO] lifehome","å¾…ç¢ºèª",,"https://hackmd.io/AHfNHVmfSPOyj4sGFRfAyA"
"g0v_db","é»‘è¾²æ¾",,"445","Terix","è¾²æ¥­",,"https://drive.google.com/open?id=0B5u8cSzbVq4WZ3BuZG4xSzJSWVU"
"g0v_db","ğŸ—³ï¸ é€£ç½²ã€Šå‹åŸºæ³•è¤‡æ±ºå…¬æŠ•ã€‹ğŸ—³ï¸",,"522","ğŸ’ tmonk","æ³•å¾‹,å…¬æŠ•,å‹å·¥",,"https://g0v.hackpad.tw/ljYZfeJwMex"
"g0v_db","ï¼ˆå¦‚ä½•ä¸è¦ï¼‰ç§’æ»…å…©è¬äººï¼Ÿ",,"321","chewei","ç½å®³,éƒ½å¸‚",,"https://g0v.hackpad.com/lBqSV2OOpIi"
